entidad_id,entidad_nombre,distrito_federal,distrito_local,municipio_id,municipio_nombre,seccion
24,SAN LUIS POTOSI,1,1,6,CATORCE,98
24,SAN LUIS POTOSI,1,1,6,CATORCE,99
24,SAN LUIS POTOSI,1,1,6,CATORCE,101
24,SAN LUIS POTOSI,1,1,6,CATORCE,102
24,SAN LUIS POTOSI,1,1,6,CATORCE,103
24,SAN LUIS POTOSI,1,1,6,CATORCE,105
24,SAN LUIS POTOSI,1,1,6,CATORCE,106
24,SAN LUIS POTOSI,1,1,6,CATORCE,107
24,SAN LUIS POTOSI,1,1,6,CATORCE,108
24,SAN LUIS POTOSI,1,1,6,CATORCE,109
24,SAN LUIS POTOSI,1,1,6,CATORCE,110
24,SAN LUIS POTOSI,1,1,6,CATORCE,111
24,SAN LUIS POTOSI,1,1,6,CATORCE,112
24,SAN LUIS POTOSI,1,1,6,CATORCE,113
24,SAN LUIS POTOSI,1,1,6,CATORCE,114
24,SAN LUIS POTOSI,1,1,6,CATORCE,115
24,SAN LUIS POTOSI,1,1,6,CATORCE,116
24,SAN LUIS POTOSI,1,1,6,CATORCE,117
24,SAN LUIS POTOSI,1,1,6,CATORCE,118
24,SAN LUIS POTOSI,1,1,7,CEDRAL,119
24,SAN LUIS POTOSI,1,1,7,CEDRAL,120
24,SAN LUIS POTOSI,1,1,7,CEDRAL,121
24,SAN LUIS POTOSI,1,1,7,CEDRAL,122
24,SAN LUIS POTOSI,1,1,7,CEDRAL,123
24,SAN LUIS POTOSI,1,1,7,CEDRAL,124
24,SAN LUIS POTOSI,1,1,7,CEDRAL,125
24,SAN LUIS POTOSI,1,1,7,CEDRAL,126
24,SAN LUIS POTOSI,1,1,7,CEDRAL,127
24,SAN LUIS POTOSI,1,1,7,CEDRAL,128
24,SAN LUIS POTOSI,1,1,7,CEDRAL,129
24,SAN LUIS POTOSI,1,1,7,CEDRAL,130
24,SAN LUIS POTOSI,1,1,7,CEDRAL,131
24,SAN LUIS POTOSI,1,1,7,CEDRAL,132
24,SAN LUIS POTOSI,1,1,7,CEDRAL,133
24,SAN LUIS POTOSI,1,1,7,CEDRAL,134
24,SAN LUIS POTOSI,1,1,7,CEDRAL,135
24,SAN LUIS POTOSI,1,1,15,CHARCAS,384
24,SAN LUIS POTOSI,1,1,15,CHARCAS,385
24,SAN LUIS POTOSI,1,1,15,CHARCAS,386
24,SAN LUIS POTOSI,1,1,15,CHARCAS,387
24,SAN LUIS POTOSI,1,1,15,CHARCAS,388
24,SAN LUIS POTOSI,1,1,15,CHARCAS,389
24,SAN LUIS POTOSI,1,1,15,CHARCAS,390
24,SAN LUIS POTOSI,1,1,15,CHARCAS,391
24,SAN LUIS POTOSI,1,1,15,CHARCAS,392
24,SAN LUIS POTOSI,1,1,15,CHARCAS,393
24,SAN LUIS POTOSI,1,1,15,CHARCAS,394
24,SAN LUIS POTOSI,1,1,15,CHARCAS,395
24,SAN LUIS POTOSI,1,1,15,CHARCAS,396
24,SAN LUIS POTOSI,1,1,15,CHARCAS,397
24,SAN LUIS POTOSI,1,1,15,CHARCAS,398
24,SAN LUIS POTOSI,1,1,15,CHARCAS,399
24,SAN LUIS POTOSI,1,1,15,CHARCAS,400
24,SAN LUIS POTOSI,1,1,15,CHARCAS,401
24,SAN LUIS POTOSI,1,1,15,CHARCAS,402
24,SAN LUIS POTOSI,1,1,15,CHARCAS,403
24,SAN LUIS POTOSI,1,1,15,CHARCAS,404
24,SAN LUIS POTOSI,1,1,20,MATEHUALA,490
24,SAN LUIS POTOSI,1,1,20,MATEHUALA,491
24,SAN LUIS POTOSI,1,1,20,MATEHUALA,492
24,SAN LUIS POTOSI,1,1,20,MATEHUALA,493
24,SAN LUIS POTOSI,1,1,20,MATEHUALA,494
24,SAN LUIS POTOSI,1,1,20,MATEHUALA,495
24,SAN LUIS POTOSI,1,1,20,MATEHUALA,496
24,SAN LUIS POTOSI,1,1,20,MATEHUALA,497
24,SAN LUIS POTOSI,1,1,20,MATEHUALA,498
24,SAN LUIS POTOSI,1,1,20,MATEHUALA,499
24,SAN LUIS POTOSI,1,1,20,MATEHUALA,500
24,SAN LUIS POTOSI,1,1,20,MATEHUALA,501
24,SAN LUIS POTOSI,1,1,20,MATEHUALA,502
24,SAN LUIS POTOSI,1,1,20,MATEHUALA,503
24,SAN LUIS POTOSI,1,1,20,MATEHUALA,504
24,SAN LUIS POTOSI,1,1,20,MATEHUALA,505
24,SAN LUIS POTOSI,1,1,20,MATEHUALA,506
24,SAN LUIS POTOSI,1,1,20,MATEHUALA,507
24,SAN LUIS POTOSI,1,1,20,MATEHUALA,508
24,SAN LUIS POTOSI,1,1,20,MATEHUALA,509
24,SAN LUIS POTOSI,1,1,20,MATEHUALA,510
24,SAN LUIS POTOSI,1,1,20,MATEHUALA,511
24,SAN LUIS POTOSI,1,1,20,MATEHUALA,512
24,SAN LUIS POTOSI,1,1,20,MATEHUALA,513
24,SAN LUIS POTOSI,1,1,20,MATEHUALA,514
24,SAN LUIS POTOSI,1,1,20,MATEHUALA,515
24,SAN LUIS POTOSI,1,1,20,MATEHUALA,516
24,SAN LUIS POTOSI,1,1,20,MATEHUALA,517
24,SAN LUIS POTOSI,1,1,20,MATEHUALA,518
24,SAN LUIS POTOSI,1,1,20,MATEHUALA,519
24,SAN LUIS POTOSI,1,1,20,MATEHUALA,520
24,SAN LUIS POTOSI,1,1,20,MATEHUALA,521
24,SAN LUIS POTOSI,1,1,20,MATEHUALA,522
24,SAN LUIS POTOSI,1,1,20,MATEHUALA,523
24,SAN LUIS POTOSI,1,1,20,MATEHUALA,524
24,SAN LUIS POTOSI,1,1,20,MATEHUALA,525
24,SAN LUIS POTOSI,1,1,20,MATEHUALA,526
24,SAN LUIS POTOSI,1,1,20,MATEHUALA,527
24,SAN LUIS POTOSI,1,1,20,MATEHUALA,528
24,SAN LUIS POTOSI,1,1,20,MATEHUALA,529
24,SAN LUIS POTOSI,1,1,20,MATEHUALA,530
24,SAN LUIS POTOSI,1,1,20,MATEHUALA,531
24,SAN LUIS POTOSI,1,1,20,MATEHUALA,532
24,SAN LUIS POTOSI,1,1,20,MATEHUALA,533
24,SAN LUIS POTOSI,1,1,20,MATEHUALA,534
24,SAN LUIS POTOSI,1,1,20,MATEHUALA,535
24,SAN LUIS POTOSI,1,1,20,MATEHUALA,536
24,SAN LUIS POTOSI,1,1,20,MATEHUALA,537
24,SAN LUIS POTOSI,1,1,20,MATEHUALA,538
24,SAN LUIS POTOSI,1,1,20,MATEHUALA,539
24,SAN LUIS POTOSI,1,1,20,MATEHUALA,540
24,SAN LUIS POTOSI,1,1,20,MATEHUALA,541
24,SAN LUIS POTOSI,1,1,20,MATEHUALA,542
24,SAN LUIS POTOSI,1,1,20,MATEHUALA,543
24,SAN LUIS POTOSI,1,1,20,MATEHUALA,544
24,SAN LUIS POTOSI,1,1,20,MATEHUALA,545
24,SAN LUIS POTOSI,1,1,20,MATEHUALA,546
24,SAN LUIS POTOSI,1,1,20,MATEHUALA,547
24,SAN LUIS POTOSI,1,1,20,MATEHUALA,548
24,SAN LUIS POTOSI,1,1,20,MATEHUALA,549
24,SAN LUIS POTOSI,1,1,20,MATEHUALA,550
24,SAN LUIS POTOSI,1,1,20,MATEHUALA,551
24,SAN LUIS POTOSI,1,1,20,MATEHUALA,552
24,SAN LUIS POTOSI,1,1,20,MATEHUALA,553
24,SAN LUIS POTOSI,1,1,20,MATEHUALA,554
24,SAN LUIS POTOSI,1,1,44,VANEGAS,1520
24,SAN LUIS POTOSI,1,1,44,VANEGAS,1521
24,SAN LUIS POTOSI,1,1,44,VANEGAS,1522
24,SAN LUIS POTOSI,1,1,44,VANEGAS,1523
24,SAN LUIS POTOSI,1,1,44,VANEGAS,1524
24,SAN LUIS POTOSI,1,1,44,VANEGAS,1525
24,SAN LUIS POTOSI,1,1,44,VANEGAS,1526
24,SAN LUIS POTOSI,1,1,44,VANEGAS,1527
24,SAN LUIS POTOSI,1,1,44,VANEGAS,1528
24,SAN LUIS POTOSI,1,1,44,VANEGAS,1530
24,SAN LUIS POTOSI,1,1,44,VANEGAS,1531
24,SAN LUIS POTOSI,1,1,44,VANEGAS,1532
24,SAN LUIS POTOSI,1,1,44,VANEGAS,1533
24,SAN LUIS POTOSI,1,1,44,VANEGAS,1534
24,SAN LUIS POTOSI,1,1,45,VENADO,1536
24,SAN LUIS POTOSI,1,1,45,VENADO,1537
24,SAN LUIS POTOSI,1,1,45,VENADO,1538
24,SAN LUIS POTOSI,1,1,45,VENADO,1539
24,SAN LUIS POTOSI,1,1,45,VENADO,1540
24,SAN LUIS POTOSI,1,1,45,VENADO,1541
24,SAN LUIS POTOSI,1,1,45,VENADO,1542
24,SAN LUIS POTOSI,1,1,45,VENADO,1543
24,SAN LUIS POTOSI,1,1,45,VENADO,1544
24,SAN LUIS POTOSI,1,1,45,VENADO,1545
24,SAN LUIS POTOSI,1,1,45,VENADO,1546
24,SAN LUIS POTOSI,1,1,45,VENADO,1547
24,SAN LUIS POTOSI,1,1,45,VENADO,1548
24,SAN LUIS POTOSI,1,1,45,VENADO,1549
24,SAN LUIS POTOSI,1,1,45,VENADO,1550
24,SAN LUIS POTOSI,1,1,45,VENADO,1551
24,SAN LUIS POTOSI,1,1,45,VENADO,1552
24,SAN LUIS POTOSI,1,1,45,VENADO,1553
24,SAN LUIS POTOSI,1,1,45,VENADO,1554
24,SAN LUIS POTOSI,1,1,45,VENADO,1555
24,SAN LUIS POTOSI,1,1,48,VILLA DE GUADALUPE,1587
24,SAN LUIS POTOSI,1,1,48,VILLA DE GUADALUPE,1588
24,SAN LUIS POTOSI,1,1,48,VILLA DE GUADALUPE,1589
24,SAN LUIS POTOSI,1,1,48,VILLA DE GUADALUPE,1590
24,SAN LUIS POTOSI,1,1,48,VILLA DE GUADALUPE,1591
24,SAN LUIS POTOSI,1,1,48,VILLA DE GUADALUPE,1593
24,SAN LUIS POTOSI,1,1,48,VILLA DE GUADALUPE,1595
24,SAN LUIS POTOSI,1,1,48,VILLA DE GUADALUPE,1596
24,SAN LUIS POTOSI,1,1,48,VILLA DE GUADALUPE,1597
24,SAN LUIS POTOSI,1,1,48,VILLA DE GUADALUPE,1598
24,SAN LUIS POTOSI,1,1,48,VILLA DE GUADALUPE,1599
24,SAN LUIS POTOSI,1,1,48,VILLA DE GUADALUPE,1600
24,SAN LUIS POTOSI,1,1,48,VILLA DE GUADALUPE,1601
24,SAN LUIS POTOSI,1,1,48,VILLA DE GUADALUPE,1602
24,SAN LUIS POTOSI,1,1,48,VILLA DE GUADALUPE,1603
24,SAN LUIS POTOSI,1,1,49,VILLA DE LA PAZ,1604
24,SAN LUIS POTOSI,1,1,49,VILLA DE LA PAZ,1605
24,SAN LUIS POTOSI,1,1,49,VILLA DE LA PAZ,1606
24,SAN LUIS POTOSI,1,1,49,VILLA DE LA PAZ,1607
24,SAN LUIS POTOSI,1,1,49,VILLA DE LA PAZ,1608
24,SAN LUIS POTOSI,1,1,49,VILLA DE LA PAZ,1609
24,SAN LUIS POTOSI,1,1,49,VILLA DE LA PAZ,1610
24,SAN LUIS POTOSI,1,1,49,VILLA DE LA PAZ,1611
24,SAN LUIS POTOSI,1,4,1,AHUALULCO,1
24,SAN LUIS POTOSI,1,4,1,AHUALULCO,2
24,SAN LUIS POTOSI,1,4,1,AHUALULCO,3
24,SAN LUIS POTOSI,1,4,1,AHUALULCO,4
24,SAN LUIS POTOSI,1,4,1,AHUALULCO,5
24,SAN LUIS POTOSI,1,4,1,AHUALULCO,6
24,SAN LUIS POTOSI,1,4,1,AHUALULCO,7
24,SAN LUIS POTOSI,1,4,1,AHUALULCO,8
24,SAN LUIS POTOSI,1,4,1,AHUALULCO,9
24,SAN LUIS POTOSI,1,4,1,AHUALULCO,10
24,SAN LUIS POTOSI,1,4,1,AHUALULCO,11
24,SAN LUIS POTOSI,1,4,1,AHUALULCO,12
24,SAN LUIS POTOSI,1,4,1,AHUALULCO,13
24,SAN LUIS POTOSI,1,4,1,AHUALULCO,14
24,SAN LUIS POTOSI,1,4,21,MEXQUITIC DE CARMONA,555
24,SAN LUIS POTOSI,1,4,21,MEXQUITIC DE CARMONA,556
24,SAN LUIS POTOSI,1,4,21,MEXQUITIC DE CARMONA,557
24,SAN LUIS POTOSI,1,4,21,MEXQUITIC DE CARMONA,558
24,SAN LUIS POTOSI,1,4,21,MEXQUITIC DE CARMONA,559
24,SAN LUIS POTOSI,1,4,21,MEXQUITIC DE CARMONA,560
24,SAN LUIS POTOSI,1,4,21,MEXQUITIC DE CARMONA,561
24,SAN LUIS POTOSI,1,4,21,MEXQUITIC DE CARMONA,562
24,SAN LUIS POTOSI,1,4,21,MEXQUITIC DE CARMONA,563
24,SAN LUIS POTOSI,1,4,21,MEXQUITIC DE CARMONA,564
24,SAN LUIS POTOSI,1,4,21,MEXQUITIC DE CARMONA,565
24,SAN LUIS POTOSI,1,4,21,MEXQUITIC DE CARMONA,566
24,SAN LUIS POTOSI,1,4,21,MEXQUITIC DE CARMONA,567
24,SAN LUIS POTOSI,1,4,21,MEXQUITIC DE CARMONA,568
24,SAN LUIS POTOSI,1,4,21,MEXQUITIC DE CARMONA,569
24,SAN LUIS POTOSI,1,4,21,MEXQUITIC DE CARMONA,570
24,SAN LUIS POTOSI,1,4,21,MEXQUITIC DE CARMONA,571
24,SAN LUIS POTOSI,1,4,21,MEXQUITIC DE CARMONA,572
24,SAN LUIS POTOSI,1,4,21,MEXQUITIC DE CARMONA,573
24,SAN LUIS POTOSI,1,4,21,MEXQUITIC DE CARMONA,574
24,SAN LUIS POTOSI,1,4,21,MEXQUITIC DE CARMONA,575
24,SAN LUIS POTOSI,1,4,21,MEXQUITIC DE CARMONA,576
24,SAN LUIS POTOSI,1,4,21,MEXQUITIC DE CARMONA,577
24,SAN LUIS POTOSI,1,4,21,MEXQUITIC DE CARMONA,578
24,SAN LUIS POTOSI,1,4,21,MEXQUITIC DE CARMONA,579
24,SAN LUIS POTOSI,1,4,21,MEXQUITIC DE CARMONA,580
24,SAN LUIS POTOSI,1,4,21,MEXQUITIC DE CARMONA,581
24,SAN LUIS POTOSI,1,4,21,MEXQUITIC DE CARMONA,582
24,SAN LUIS POTOSI,1,4,21,MEXQUITIC DE CARMONA,583
24,SAN LUIS POTOSI,1,4,21,MEXQUITIC DE CARMONA,584
24,SAN LUIS POTOSI,1,4,21,MEXQUITIC DE CARMONA,585
24,SAN LUIS POTOSI,1,4,21,MEXQUITIC DE CARMONA,586
24,SAN LUIS POTOSI,1,4,21,MEXQUITIC DE CARMONA,587
24,SAN LUIS POTOSI,1,4,21,MEXQUITIC DE CARMONA,588
24,SAN LUIS POTOSI,1,4,21,MEXQUITIC DE CARMONA,589
24,SAN LUIS POTOSI,1,4,21,MEXQUITIC DE CARMONA,590
24,SAN LUIS POTOSI,1,4,22,MOCTEZUMA,591
24,SAN LUIS POTOSI,1,4,22,MOCTEZUMA,592
24,SAN LUIS POTOSI,1,4,22,MOCTEZUMA,593
24,SAN LUIS POTOSI,1,4,22,MOCTEZUMA,594
24,SAN LUIS POTOSI,1,4,22,MOCTEZUMA,596
24,SAN LUIS POTOSI,1,4,22,MOCTEZUMA,597
24,SAN LUIS POTOSI,1,4,22,MOCTEZUMA,598
24,SAN LUIS POTOSI,1,4,22,MOCTEZUMA,599
24,SAN LUIS POTOSI,1,4,22,MOCTEZUMA,600
24,SAN LUIS POTOSI,1,4,22,MOCTEZUMA,601
24,SAN LUIS POTOSI,1,4,22,MOCTEZUMA,602
24,SAN LUIS POTOSI,1,4,22,MOCTEZUMA,603
24,SAN LUIS POTOSI,1,4,22,MOCTEZUMA,604
24,SAN LUIS POTOSI,1,4,22,MOCTEZUMA,605
24,SAN LUIS POTOSI,1,4,22,MOCTEZUMA,606
24,SAN LUIS POTOSI,1,4,22,MOCTEZUMA,607
24,SAN LUIS POTOSI,1,4,22,MOCTEZUMA,608
24,SAN LUIS POTOSI,1,4,22,MOCTEZUMA,609
24,SAN LUIS POTOSI,1,4,22,MOCTEZUMA,610
24,SAN LUIS POTOSI,1,4,22,MOCTEZUMA,611
24,SAN LUIS POTOSI,1,4,22,MOCTEZUMA,612
24,SAN LUIS POTOSI,1,4,22,MOCTEZUMA,613
24,SAN LUIS POTOSI,1,4,22,MOCTEZUMA,614
24,SAN LUIS POTOSI,1,4,22,MOCTEZUMA,615
24,SAN LUIS POTOSI,1,4,25,SALINAS,724
24,SAN LUIS POTOSI,1,4,25,SALINAS,725
24,SAN LUIS POTOSI,1,4,25,SALINAS,726
24,SAN LUIS POTOSI,1,4,25,SALINAS,727
24,SAN LUIS POTOSI,1,4,25,SALINAS,728
24,SAN LUIS POTOSI,1,4,25,SALINAS,729
24,SAN LUIS POTOSI,1,4,25,SALINAS,730
24,SAN LUIS POTOSI,1,4,25,SALINAS,731
24,SAN LUIS POTOSI,1,4,25,SALINAS,732
24,SAN LUIS POTOSI,1,4,25,SALINAS,733
24,SAN LUIS POTOSI,1,4,25,SALINAS,734
24,SAN LUIS POTOSI,1,4,25,SALINAS,735
24,SAN LUIS POTOSI,1,4,25,SALINAS,736
24,SAN LUIS POTOSI,1,4,25,SALINAS,737
24,SAN LUIS POTOSI,1,4,25,SALINAS,738
24,SAN LUIS POTOSI,1,4,25,SALINAS,740
24,SAN LUIS POTOSI,1,4,25,SALINAS,741
24,SAN LUIS POTOSI,1,4,25,SALINAS,742
24,SAN LUIS POTOSI,1,4,25,SALINAS,743
24,SAN LUIS POTOSI,1,4,25,SALINAS,744
24,SAN LUIS POTOSI,1,4,25,SALINAS,745
24,SAN LUIS POTOSI,1,4,25,SALINAS,746
24,SAN LUIS POTOSI,1,4,25,SALINAS,747
24,SAN LUIS POTOSI,1,4,34,SANTO DOMINGO,1221
24,SAN LUIS POTOSI,1,4,34,SANTO DOMINGO,1222
24,SAN LUIS POTOSI,1,4,34,SANTO DOMINGO,1223
24,SAN LUIS POTOSI,1,4,34,SANTO DOMINGO,1224
24,SAN LUIS POTOSI,1,4,34,SANTO DOMINGO,1225
24,SAN LUIS POTOSI,1,4,34,SANTO DOMINGO,1226
24,SAN LUIS POTOSI,1,4,34,SANTO DOMINGO,1227
24,SAN LUIS POTOSI,1,4,34,SANTO DOMINGO,1228
24,SAN LUIS POTOSI,1,4,34,SANTO DOMINGO,1229
24,SAN LUIS POTOSI,1,4,34,SANTO DOMINGO,1230
24,SAN LUIS POTOSI,1,4,34,SANTO DOMINGO,1231
24,SAN LUIS POTOSI,1,4,34,SANTO DOMINGO,1232
24,SAN LUIS POTOSI,1,4,34,SANTO DOMINGO,1233
24,SAN LUIS POTOSI,1,4,34,SANTO DOMINGO,1234
24,SAN LUIS POTOSI,1,4,34,SANTO DOMINGO,1235
24,SAN LUIS POTOSI,1,4,34,SANTO DOMINGO,1236
24,SAN LUIS POTOSI,1,4,34,SANTO DOMINGO,1237
24,SAN LUIS POTOSI,1,4,34,SANTO DOMINGO,1238
24,SAN LUIS POTOSI,1,4,34,SANTO DOMINGO,1239
24,SAN LUIS POTOSI,1,4,34,SANTO DOMINGO,1240
24,SAN LUIS POTOSI,1,4,34,SANTO DOMINGO,1241
24,SAN LUIS POTOSI,1,4,50,VILLA DE RAMOS,1612
24,SAN LUIS POTOSI,1,4,50,VILLA DE RAMOS,1613
24,SAN LUIS POTOSI,1,4,50,VILLA DE RAMOS,1614
24,SAN LUIS POTOSI,1,4,50,VILLA DE RAMOS,1615
24,SAN LUIS POTOSI,1,4,50,VILLA DE RAMOS,1616
24,SAN LUIS POTOSI,1,4,50,VILLA DE RAMOS,1617
24,SAN LUIS POTOSI,1,4,50,VILLA DE RAMOS,1618
24,SAN LUIS POTOSI,1,4,50,VILLA DE RAMOS,1619
24,SAN LUIS POTOSI,1,4,50,VILLA DE RAMOS,1620
24,SAN LUIS POTOSI,1,4,50,VILLA DE RAMOS,1621
24,SAN LUIS POTOSI,1,4,50,VILLA DE RAMOS,1622
24,SAN LUIS POTOSI,1,4,50,VILLA DE RAMOS,1623
24,SAN LUIS POTOSI,1,4,50,VILLA DE RAMOS,1624
24,SAN LUIS POTOSI,1,4,50,VILLA DE RAMOS,1625
24,SAN LUIS POTOSI,1,4,50,VILLA DE RAMOS,1626
24,SAN LUIS POTOSI,1,4,50,VILLA DE RAMOS,1627
24,SAN LUIS POTOSI,1,4,50,VILLA DE RAMOS,1628
24,SAN LUIS POTOSI,1,4,50,VILLA DE RAMOS,1629
24,SAN LUIS POTOSI,1,4,50,VILLA DE RAMOS,1630
24,SAN LUIS POTOSI,1,4,50,VILLA DE RAMOS,1631
24,SAN LUIS POTOSI,1,4,50,VILLA DE RAMOS,1632
24,SAN LUIS POTOSI,1,4,50,VILLA DE RAMOS,1633
24,SAN LUIS POTOSI,1,4,50,VILLA DE RAMOS,1634
24,SAN LUIS POTOSI,1,4,50,VILLA DE RAMOS,1635
24,SAN LUIS POTOSI,1,4,50,VILLA DE RAMOS,1637
24,SAN LUIS POTOSI,2,3,9,CERRO DE SAN PEDRO,165
24,SAN LUIS POTOSI,2,3,9,CERRO DE SAN PEDRO,167
24,SAN LUIS POTOSI,2,3,9,CERRO DE SAN PEDRO,169
24,SAN LUIS POTOSI,2,3,9,CERRO DE SAN PEDRO,170
24,SAN LUIS POTOSI,2,3,9,CERRO DE SAN PEDRO,171
24,SAN LUIS POTOSI,2,3,9,CERRO DE SAN PEDRO,172
24,SAN LUIS POTOSI,2,3,33,SANTA MARIA DEL RIO,1188
24,SAN LUIS POTOSI,2,3,33,SANTA MARIA DEL RIO,1189
24,SAN LUIS POTOSI,2,3,33,SANTA MARIA DEL RIO,1190
24,SAN LUIS POTOSI,2,3,33,SANTA MARIA DEL RIO,1191
24,SAN LUIS POTOSI,2,3,33,SANTA MARIA DEL RIO,1192
24,SAN LUIS POTOSI,2,3,33,SANTA MARIA DEL RIO,1193
24,SAN LUIS POTOSI,2,3,33,SANTA MARIA DEL RIO,1194
24,SAN LUIS POTOSI,2,3,33,SANTA MARIA DEL RIO,1195
24,SAN LUIS POTOSI,2,3,33,SANTA MARIA DEL RIO,1196
24,SAN LUIS POTOSI,2,3,33,SANTA MARIA DEL RIO,1198
24,SAN LUIS POTOSI,2,3,33,SANTA MARIA DEL RIO,1200
24,SAN LUIS POTOSI,2,3,33,SANTA MARIA DEL RIO,1201
24,SAN LUIS POTOSI,2,3,33,SANTA MARIA DEL RIO,1202
24,SAN LUIS POTOSI,2,3,33,SANTA MARIA DEL RIO,1203
24,SAN LUIS POTOSI,2,3,33,SANTA MARIA DEL RIO,1204
24,SAN LUIS POTOSI,2,3,33,SANTA MARIA DEL RIO,1205
24,SAN LUIS POTOSI,2,3,33,SANTA MARIA DEL RIO,1206
24,SAN LUIS POTOSI,2,3,33,SANTA MARIA DEL RIO,1207
24,SAN LUIS POTOSI,2,3,33,SANTA MARIA DEL RIO,1208
24,SAN LUIS POTOSI,2,3,33,SANTA MARIA DEL RIO,1210
24,SAN LUIS POTOSI,2,3,33,SANTA MARIA DEL RIO,1211
24,SAN LUIS POTOSI,2,3,33,SANTA MARIA DEL RIO,1212
24,SAN LUIS POTOSI,2,3,33,SANTA MARIA DEL RIO,1213
24,SAN LUIS POTOSI,2,3,33,SANTA MARIA DEL RIO,1214
24,SAN LUIS POTOSI,2,3,33,SANTA MARIA DEL RIO,1215
24,SAN LUIS POTOSI,2,3,33,SANTA MARIA DEL RIO,1216
24,SAN LUIS POTOSI,2,3,33,SANTA MARIA DEL RIO,1217
24,SAN LUIS POTOSI,2,3,33,SANTA MARIA DEL RIO,1218
24,SAN LUIS POTOSI,2,3,33,SANTA MARIA DEL RIO,1219
24,SAN LUIS POTOSI,2,3,33,SANTA MARIA DEL RIO,1220
24,SAN LUIS POTOSI,2,3,43,TIERRA NUEVA,1507
24,SAN LUIS POTOSI,2,3,43,TIERRA NUEVA,1508
24,SAN LUIS POTOSI,2,3,43,TIERRA NUEVA,1509
24,SAN LUIS POTOSI,2,3,43,TIERRA NUEVA,1510
24,SAN LUIS POTOSI,2,3,43,TIERRA NUEVA,1511
24,SAN LUIS POTOSI,2,3,43,TIERRA NUEVA,1512
24,SAN LUIS POTOSI,2,3,43,TIERRA NUEVA,1513
24,SAN LUIS POTOSI,2,3,43,TIERRA NUEVA,1514
24,SAN LUIS POTOSI,2,3,43,TIERRA NUEVA,1515
24,SAN LUIS POTOSI,2,3,43,TIERRA NUEVA,1516
24,SAN LUIS POTOSI,2,3,43,TIERRA NUEVA,1517
24,SAN LUIS POTOSI,2,3,47,VILLA DE ARRIAGA,1569
24,SAN LUIS POTOSI,2,3,47,VILLA DE ARRIAGA,1570
24,SAN LUIS POTOSI,2,3,47,VILLA DE ARRIAGA,1571
24,SAN LUIS POTOSI,2,3,47,VILLA DE ARRIAGA,1572
24,SAN LUIS POTOSI,2,3,47,VILLA DE ARRIAGA,1573
24,SAN LUIS POTOSI,2,3,47,VILLA DE ARRIAGA,1574
24,SAN LUIS POTOSI,2,3,47,VILLA DE ARRIAGA,1575
24,SAN LUIS POTOSI,2,3,47,VILLA DE ARRIAGA,1576
24,SAN LUIS POTOSI,2,3,47,VILLA DE ARRIAGA,1577
24,SAN LUIS POTOSI,2,3,47,VILLA DE ARRIAGA,1578
24,SAN LUIS POTOSI,2,3,47,VILLA DE ARRIAGA,1579
24,SAN LUIS POTOSI,2,3,47,VILLA DE ARRIAGA,1580
24,SAN LUIS POTOSI,2,3,47,VILLA DE ARRIAGA,1581
24,SAN LUIS POTOSI,2,3,47,VILLA DE ARRIAGA,1582
24,SAN LUIS POTOSI,2,3,47,VILLA DE ARRIAGA,1583
24,SAN LUIS POTOSI,2,3,47,VILLA DE ARRIAGA,1584
24,SAN LUIS POTOSI,2,3,47,VILLA DE ARRIAGA,1585
24,SAN LUIS POTOSI,2,3,47,VILLA DE ARRIAGA,1586
24,SAN LUIS POTOSI,2,3,51,VILLA DE REYES,1638
24,SAN LUIS POTOSI,2,3,51,VILLA DE REYES,1639
24,SAN LUIS POTOSI,2,3,51,VILLA DE REYES,1640
24,SAN LUIS POTOSI,2,3,51,VILLA DE REYES,1641
24,SAN LUIS POTOSI,2,3,51,VILLA DE REYES,1642
24,SAN LUIS POTOSI,2,3,51,VILLA DE REYES,1643
24,SAN LUIS POTOSI,2,3,51,VILLA DE REYES,1644
24,SAN LUIS POTOSI,2,3,51,VILLA DE REYES,1645
24,SAN LUIS POTOSI,2,3,51,VILLA DE REYES,1646
24,SAN LUIS POTOSI,2,3,51,VILLA DE REYES,1647
24,SAN LUIS POTOSI,2,3,51,VILLA DE REYES,1648
24,SAN LUIS POTOSI,2,3,51,VILLA DE REYES,1649
24,SAN LUIS POTOSI,2,3,51,VILLA DE REYES,1650
24,SAN LUIS POTOSI,2,3,51,VILLA DE REYES,1651
24,SAN LUIS POTOSI,2,3,51,VILLA DE REYES,1652
24,SAN LUIS POTOSI,2,3,51,VILLA DE REYES,1653
24,SAN LUIS POTOSI,2,3,51,VILLA DE REYES,1654
24,SAN LUIS POTOSI,2,3,51,VILLA DE REYES,1655
24,SAN LUIS POTOSI,2,3,51,VILLA DE REYES,1656
24,SAN LUIS POTOSI,2,3,51,VILLA DE REYES,1657
24,SAN LUIS POTOSI,2,3,51,VILLA DE REYES,1658
24,SAN LUIS POTOSI,2,3,51,VILLA DE REYES,1659
24,SAN LUIS POTOSI,2,3,51,VILLA DE REYES,1660
24,SAN LUIS POTOSI,2,3,51,VILLA DE REYES,1661
24,SAN LUIS POTOSI,2,3,51,VILLA DE REYES,1662
24,SAN LUIS POTOSI,2,3,51,VILLA DE REYES,1663
24,SAN LUIS POTOSI,2,3,51,VILLA DE REYES,1664
24,SAN LUIS POTOSI,2,3,51,VILLA DE REYES,1665
24,SAN LUIS POTOSI,2,3,51,VILLA DE REYES,1666
24,SAN LUIS POTOSI,2,3,51,VILLA DE REYES,1667
24,SAN LUIS POTOSI,2,3,51,VILLA DE REYES,1668
24,SAN LUIS POTOSI,2,3,51,VILLA DE REYES,1669
24,SAN LUIS POTOSI,2,3,56,ZARAGOZA,1773
24,SAN LUIS POTOSI,2,3,56,ZARAGOZA,1774
24,SAN LUIS POTOSI,2,3,56,ZARAGOZA,1775
24,SAN LUIS POTOSI,2,3,56,ZARAGOZA,1776
24,SAN LUIS POTOSI,2,3,56,ZARAGOZA,1777
24,SAN LUIS POTOSI,2,3,56,ZARAGOZA,1778
24,SAN LUIS POTOSI,2,3,56,ZARAGOZA,1779
24,SAN LUIS POTOSI,2,3,56,ZARAGOZA,1780
24,SAN LUIS POTOSI,2,3,56,ZARAGOZA,1781
24,SAN LUIS POTOSI,2,3,56,ZARAGOZA,1782
24,SAN LUIS POTOSI,2,3,56,ZARAGOZA,1783
24,SAN LUIS POTOSI,2,3,56,ZARAGOZA,1784
24,SAN LUIS POTOSI,2,3,56,ZARAGOZA,1785
24,SAN LUIS POTOSI,2,3,56,ZARAGOZA,1786
24,SAN LUIS POTOSI,2,3,56,ZARAGOZA,1787
24,SAN LUIS POTOSI,2,3,56,ZARAGOZA,1788
24,SAN LUIS POTOSI,2,3,56,ZARAGOZA,1790
24,SAN LUIS POTOSI,2,3,56,ZARAGOZA,1791
24,SAN LUIS POTOSI,2,3,56,ZARAGOZA,1792
24,SAN LUIS POTOSI,2,3,56,ZARAGOZA,1793
24,SAN LUIS POTOSI,2,3,56,ZARAGOZA,1794
24,SAN LUIS POTOSI,2,3,56,ZARAGOZA,1795
24,SAN LUIS POTOSI,2,5,35,SOLEDAD DE GRACIANO SANCHEZ,1242
24,SAN LUIS POTOSI,2,5,35,SOLEDAD DE GRACIANO SANCHEZ,1243
24,SAN LUIS POTOSI,2,5,35,SOLEDAD DE GRACIANO SANCHEZ,1244
24,SAN LUIS POTOSI,2,5,35,SOLEDAD DE GRACIANO SANCHEZ,1245
24,SAN LUIS POTOSI,2,5,35,SOLEDAD DE GRACIANO SANCHEZ,1246
24,SAN LUIS POTOSI,2,5,35,SOLEDAD DE GRACIANO SANCHEZ,1247
24,SAN LUIS POTOSI,2,5,35,SOLEDAD DE GRACIANO SANCHEZ,1248
24,SAN LUIS POTOSI,2,5,35,SOLEDAD DE GRACIANO SANCHEZ,1249
24,SAN LUIS POTOSI,2,5,35,SOLEDAD DE GRACIANO SANCHEZ,1250
24,SAN LUIS POTOSI,2,5,35,SOLEDAD DE GRACIANO SANCHEZ,1251
24,SAN LUIS POTOSI,2,5,35,SOLEDAD DE GRACIANO SANCHEZ,1252
24,SAN LUIS POTOSI,2,5,35,SOLEDAD DE GRACIANO SANCHEZ,1253
24,SAN LUIS POTOSI,2,5,35,SOLEDAD DE GRACIANO SANCHEZ,1254
24,SAN LUIS POTOSI,2,5,35,SOLEDAD DE GRACIANO SANCHEZ,1255
24,SAN LUIS POTOSI,2,5,35,SOLEDAD DE GRACIANO SANCHEZ,1256
24,SAN LUIS POTOSI,2,5,35,SOLEDAD DE GRACIANO SANCHEZ,1257
24,SAN LUIS POTOSI,2,5,35,SOLEDAD DE GRACIANO SANCHEZ,1258
24,SAN LUIS POTOSI,2,5,35,SOLEDAD DE GRACIANO SANCHEZ,1259
24,SAN LUIS POTOSI,2,5,35,SOLEDAD DE GRACIANO SANCHEZ,1260
24,SAN LUIS POTOSI,2,5,35,SOLEDAD DE GRACIANO SANCHEZ,1261
24,SAN LUIS POTOSI,2,5,35,SOLEDAD DE GRACIANO SANCHEZ,1262
24,SAN LUIS POTOSI,2,5,35,SOLEDAD DE GRACIANO SANCHEZ,1263
24,SAN LUIS POTOSI,2,5,35,SOLEDAD DE GRACIANO SANCHEZ,1264
24,SAN LUIS POTOSI,2,5,35,SOLEDAD DE GRACIANO SANCHEZ,1265
24,SAN LUIS POTOSI,2,5,35,SOLEDAD DE GRACIANO SANCHEZ,1266
24,SAN LUIS POTOSI,2,5,35,SOLEDAD DE GRACIANO SANCHEZ,1267
24,SAN LUIS POTOSI,2,5,35,SOLEDAD DE GRACIANO SANCHEZ,1268
24,SAN LUIS POTOSI,2,5,35,SOLEDAD DE GRACIANO SANCHEZ,1269
24,SAN LUIS POTOSI,2,5,35,SOLEDAD DE GRACIANO SANCHEZ,1270
24,SAN LUIS POTOSI,2,5,35,SOLEDAD DE GRACIANO SANCHEZ,1309
24,SAN LUIS POTOSI,2,5,35,SOLEDAD DE GRACIANO SANCHEZ,1310
24,SAN LUIS POTOSI,2,5,35,SOLEDAD DE GRACIANO SANCHEZ,1311
24,SAN LUIS POTOSI,2,5,35,SOLEDAD DE GRACIANO SANCHEZ,1312
24,SAN LUIS POTOSI,2,5,35,SOLEDAD DE GRACIANO SANCHEZ,1313
24,SAN LUIS POTOSI,2,5,35,SOLEDAD DE GRACIANO SANCHEZ,1314
24,SAN LUIS POTOSI,2,5,35,SOLEDAD DE GRACIANO SANCHEZ,1315
24,SAN LUIS POTOSI,2,5,35,SOLEDAD DE GRACIANO SANCHEZ,1316
24,SAN LUIS POTOSI,2,5,35,SOLEDAD DE GRACIANO SANCHEZ,1318
24,SAN LUIS POTOSI,2,9,35,SOLEDAD DE GRACIANO SANCHEZ,1271
24,SAN LUIS POTOSI,2,9,35,SOLEDAD DE GRACIANO SANCHEZ,1272
24,SAN LUIS POTOSI,2,9,35,SOLEDAD DE GRACIANO SANCHEZ,1273
24,SAN LUIS POTOSI,2,9,35,SOLEDAD DE GRACIANO SANCHEZ,1274
24,SAN LUIS POTOSI,2,9,35,SOLEDAD DE GRACIANO SANCHEZ,1275
24,SAN LUIS POTOSI,2,9,35,SOLEDAD DE GRACIANO SANCHEZ,1276
24,SAN LUIS POTOSI,2,9,35,SOLEDAD DE GRACIANO SANCHEZ,1277
24,SAN LUIS POTOSI,2,9,35,SOLEDAD DE GRACIANO SANCHEZ,1278
24,SAN LUIS POTOSI,2,9,35,SOLEDAD DE GRACIANO SANCHEZ,1279
24,SAN LUIS POTOSI,2,9,35,SOLEDAD DE GRACIANO SANCHEZ,1280
24,SAN LUIS POTOSI,2,9,35,SOLEDAD DE GRACIANO SANCHEZ,1281
24,SAN LUIS POTOSI,2,9,35,SOLEDAD DE GRACIANO SANCHEZ,1282
24,SAN LUIS POTOSI,2,9,35,SOLEDAD DE GRACIANO SANCHEZ,1283
24,SAN LUIS POTOSI,2,9,35,SOLEDAD DE GRACIANO SANCHEZ,1284
24,SAN LUIS POTOSI,2,9,35,SOLEDAD DE GRACIANO SANCHEZ,1285
24,SAN LUIS POTOSI,2,9,35,SOLEDAD DE GRACIANO SANCHEZ,1286
24,SAN LUIS POTOSI,2,9,35,SOLEDAD DE GRACIANO SANCHEZ,1287
24,SAN LUIS POTOSI,2,9,35,SOLEDAD DE GRACIANO SANCHEZ,1288
24,SAN LUIS POTOSI,2,9,35,SOLEDAD DE GRACIANO SANCHEZ,1289
24,SAN LUIS POTOSI,2,9,35,SOLEDAD DE GRACIANO SANCHEZ,1290
24,SAN LUIS POTOSI,2,9,35,SOLEDAD DE GRACIANO SANCHEZ,1291
24,SAN LUIS POTOSI,2,9,35,SOLEDAD DE GRACIANO SANCHEZ,1292
24,SAN LUIS POTOSI,2,9,35,SOLEDAD DE GRACIANO SANCHEZ,1293
24,SAN LUIS POTOSI,2,9,35,SOLEDAD DE GRACIANO SANCHEZ,1294
24,SAN LUIS POTOSI,2,9,35,SOLEDAD DE GRACIANO SANCHEZ,1295
24,SAN LUIS POTOSI,2,9,35,SOLEDAD DE GRACIANO SANCHEZ,1296
24,SAN LUIS POTOSI,2,9,35,SOLEDAD DE GRACIANO SANCHEZ,1297
24,SAN LUIS POTOSI,2,9,35,SOLEDAD DE GRACIANO SANCHEZ,1298
24,SAN LUIS POTOSI,2,9,35,SOLEDAD DE GRACIANO SANCHEZ,1299
24,SAN LUIS POTOSI,2,9,35,SOLEDAD DE GRACIANO SANCHEZ,1300
24,SAN LUIS POTOSI,2,9,35,SOLEDAD DE GRACIANO SANCHEZ,1301
24,SAN LUIS POTOSI,2,9,35,SOLEDAD DE GRACIANO SANCHEZ,1302
24,SAN LUIS POTOSI,2,9,35,SOLEDAD DE GRACIANO SANCHEZ,1303
24,SAN LUIS POTOSI,2,9,35,SOLEDAD DE GRACIANO SANCHEZ,1304
24,SAN LUIS POTOSI,2,9,35,SOLEDAD DE GRACIANO SANCHEZ,1305
24,SAN LUIS POTOSI,2,9,35,SOLEDAD DE GRACIANO SANCHEZ,1306
24,SAN LUIS POTOSI,2,9,35,SOLEDAD DE GRACIANO SANCHEZ,1307
24,SAN LUIS POTOSI,2,9,35,SOLEDAD DE GRACIANO SANCHEZ,1308
24,SAN LUIS POTOSI,2,9,35,SOLEDAD DE GRACIANO SANCHEZ,1317
24,SAN LUIS POTOSI,2,9,35,SOLEDAD DE GRACIANO SANCHEZ,1815
24,SAN LUIS POTOSI,2,9,35,SOLEDAD DE GRACIANO SANCHEZ,1816
24,SAN LUIS POTOSI,2,9,35,SOLEDAD DE GRACIANO SANCHEZ,1817
24,SAN LUIS POTOSI,2,9,35,SOLEDAD DE GRACIANO SANCHEZ,1818
24,SAN LUIS POTOSI,2,9,35,SOLEDAD DE GRACIANO SANCHEZ,1819
24,SAN LUIS POTOSI,2,9,35,SOLEDAD DE GRACIANO SANCHEZ,1821
24,SAN LUIS POTOSI,2,9,35,SOLEDAD DE GRACIANO SANCHEZ,1822
24,SAN LUIS POTOSI,2,9,35,SOLEDAD DE GRACIANO SANCHEZ,1823
24,SAN LUIS POTOSI,2,9,35,SOLEDAD DE GRACIANO SANCHEZ,1824
24,SAN LUIS POTOSI,2,9,35,SOLEDAD DE GRACIANO SANCHEZ,1825
24,SAN LUIS POTOSI,2,9,35,SOLEDAD DE GRACIANO SANCHEZ,1826
24,SAN LUIS POTOSI,2,9,35,SOLEDAD DE GRACIANO SANCHEZ,1827
24,SAN LUIS POTOSI,3,3,4,ARMADILLO DE LOS INFANTE,60
24,SAN LUIS POTOSI,3,3,4,ARMADILLO DE LOS INFANTE,61
24,SAN LUIS POTOSI,3,3,4,ARMADILLO DE LOS INFANTE,63
24,SAN LUIS POTOSI,3,3,4,ARMADILLO DE LOS INFANTE,64
24,SAN LUIS POTOSI,3,3,4,ARMADILLO DE LOS INFANTE,65
24,SAN LUIS POTOSI,3,3,4,ARMADILLO DE LOS INFANTE,68
24,SAN LUIS POTOSI,3,3,4,ARMADILLO DE LOS INFANTE,69
24,SAN LUIS POTOSI,3,3,4,ARMADILLO DE LOS INFANTE,70
24,SAN LUIS POTOSI,3,3,4,ARMADILLO DE LOS INFANTE,71
24,SAN LUIS POTOSI,3,3,4,ARMADILLO DE LOS INFANTE,72
24,SAN LUIS POTOSI,3,3,4,ARMADILLO DE LOS INFANTE,73
24,SAN LUIS POTOSI,3,3,4,ARMADILLO DE LOS INFANTE,77
24,SAN LUIS POTOSI,3,3,46,VILLA DE ARISTA,1556
24,SAN LUIS POTOSI,3,3,46,VILLA DE ARISTA,1557
24,SAN LUIS POTOSI,3,3,46,VILLA DE ARISTA,1558
24,SAN LUIS POTOSI,3,3,46,VILLA DE ARISTA,1559
24,SAN LUIS POTOSI,3,3,46,VILLA DE ARISTA,1560
24,SAN LUIS POTOSI,3,3,46,VILLA DE ARISTA,1561
24,SAN LUIS POTOSI,3,3,46,VILLA DE ARISTA,1562
24,SAN LUIS POTOSI,3,3,46,VILLA DE ARISTA,1563
24,SAN LUIS POTOSI,3,3,46,VILLA DE ARISTA,1564
24,SAN LUIS POTOSI,3,3,46,VILLA DE ARISTA,1565
24,SAN LUIS POTOSI,3,3,46,VILLA DE ARISTA,1566
24,SAN LUIS POTOSI,3,3,46,VILLA DE ARISTA,1567
24,SAN LUIS POTOSI,3,3,46,VILLA DE ARISTA,1568
24,SAN LUIS POTOSI,3,3,52,VILLA HIDALGO,1670
24,SAN LUIS POTOSI,3,3,52,VILLA HIDALGO,1671
24,SAN LUIS POTOSI,3,3,52,VILLA HIDALGO,1672
24,SAN LUIS POTOSI,3,3,52,VILLA HIDALGO,1673
24,SAN LUIS POTOSI,3,3,52,VILLA HIDALGO,1674
24,SAN LUIS POTOSI,3,3,52,VILLA HIDALGO,1675
24,SAN LUIS POTOSI,3,3,52,VILLA HIDALGO,1676
24,SAN LUIS POTOSI,3,3,52,VILLA HIDALGO,1677
24,SAN LUIS POTOSI,3,3,52,VILLA HIDALGO,1678
24,SAN LUIS POTOSI,3,3,52,VILLA HIDALGO,1679
24,SAN LUIS POTOSI,3,3,52,VILLA HIDALGO,1680
24,SAN LUIS POTOSI,3,3,52,VILLA HIDALGO,1681
24,SAN LUIS POTOSI,3,3,52,VILLA HIDALGO,1682
24,SAN LUIS POTOSI,3,3,52,VILLA HIDALGO,1683
24,SAN LUIS POTOSI,3,3,52,VILLA HIDALGO,1684
24,SAN LUIS POTOSI,3,3,52,VILLA HIDALGO,1685
24,SAN LUIS POTOSI,3,3,52,VILLA HIDALGO,1686
24,SAN LUIS POTOSI,3,3,52,VILLA HIDALGO,1687
24,SAN LUIS POTOSI,3,3,52,VILLA HIDALGO,1688
24,SAN LUIS POTOSI,3,10,8,CERRITOS,136
24,SAN LUIS POTOSI,3,10,8,CERRITOS,137
24,SAN LUIS POTOSI,3,10,8,CERRITOS,138
24,SAN LUIS POTOSI,3,10,8,CERRITOS,139
24,SAN LUIS POTOSI,3,10,8,CERRITOS,140
24,SAN LUIS POTOSI,3,10,8,CERRITOS,141
24,SAN LUIS POTOSI,3,10,8,CERRITOS,142
24,SAN LUIS POTOSI,3,10,8,CERRITOS,143
24,SAN LUIS POTOSI,3,10,8,CERRITOS,144
24,SAN LUIS POTOSI,3,10,8,CERRITOS,145
24,SAN LUIS POTOSI,3,10,8,CERRITOS,147
24,SAN LUIS POTOSI,3,10,8,CERRITOS,148
24,SAN LUIS POTOSI,3,10,8,CERRITOS,149
24,SAN LUIS POTOSI,3,10,8,CERRITOS,150
24,SAN LUIS POTOSI,3,10,8,CERRITOS,151
24,SAN LUIS POTOSI,3,10,8,CERRITOS,152
24,SAN LUIS POTOSI,3,10,8,CERRITOS,153
24,SAN LUIS POTOSI,3,10,8,CERRITOS,154
24,SAN LUIS POTOSI,3,10,8,CERRITOS,155
24,SAN LUIS POTOSI,3,10,8,CERRITOS,156
24,SAN LUIS POTOSI,3,10,8,CERRITOS,157
24,SAN LUIS POTOSI,3,10,8,CERRITOS,158
24,SAN LUIS POTOSI,3,10,8,CERRITOS,160
24,SAN LUIS POTOSI,3,10,8,CERRITOS,161
24,SAN LUIS POTOSI,3,10,8,CERRITOS,162
24,SAN LUIS POTOSI,3,10,8,CERRITOS,163
24,SAN LUIS POTOSI,3,10,8,CERRITOS,164
24,SAN LUIS POTOSI,3,10,11,CIUDAD FERNANDEZ,220
24,SAN LUIS POTOSI,3,10,11,CIUDAD FERNANDEZ,221
24,SAN LUIS POTOSI,3,10,11,CIUDAD FERNANDEZ,222
24,SAN LUIS POTOSI,3,10,11,CIUDAD FERNANDEZ,223
24,SAN LUIS POTOSI,3,10,11,CIUDAD FERNANDEZ,224
24,SAN LUIS POTOSI,3,10,11,CIUDAD FERNANDEZ,225
24,SAN LUIS POTOSI,3,10,11,CIUDAD FERNANDEZ,226
24,SAN LUIS POTOSI,3,10,11,CIUDAD FERNANDEZ,227
24,SAN LUIS POTOSI,3,10,11,CIUDAD FERNANDEZ,228
24,SAN LUIS POTOSI,3,10,11,CIUDAD FERNANDEZ,229
24,SAN LUIS POTOSI,3,10,11,CIUDAD FERNANDEZ,230
24,SAN LUIS POTOSI,3,10,11,CIUDAD FERNANDEZ,231
24,SAN LUIS POTOSI,3,10,11,CIUDAD FERNANDEZ,232
24,SAN LUIS POTOSI,3,10,11,CIUDAD FERNANDEZ,233
24,SAN LUIS POTOSI,3,10,11,CIUDAD FERNANDEZ,234
24,SAN LUIS POTOSI,3,10,11,CIUDAD FERNANDEZ,235
24,SAN LUIS POTOSI,3,10,11,CIUDAD FERNANDEZ,236
24,SAN LUIS POTOSI,3,10,11,CIUDAD FERNANDEZ,237
24,SAN LUIS POTOSI,3,10,11,CIUDAD FERNANDEZ,238
24,SAN LUIS POTOSI,3,10,11,CIUDAD FERNANDEZ,239
24,SAN LUIS POTOSI,3,10,11,CIUDAD FERNANDEZ,240
24,SAN LUIS POTOSI,3,10,11,CIUDAD FERNANDEZ,241
24,SAN LUIS POTOSI,3,10,11,CIUDAD FERNANDEZ,242
24,SAN LUIS POTOSI,3,10,11,CIUDAD FERNANDEZ,243
24,SAN LUIS POTOSI,3,10,11,CIUDAD FERNANDEZ,244
24,SAN LUIS POTOSI,3,10,11,CIUDAD FERNANDEZ,245
24,SAN LUIS POTOSI,3,10,11,CIUDAD FERNANDEZ,246
24,SAN LUIS POTOSI,3,10,11,CIUDAD FERNANDEZ,247
24,SAN LUIS POTOSI,3,10,11,CIUDAD FERNANDEZ,248
24,SAN LUIS POTOSI,3,10,11,CIUDAD FERNANDEZ,249
24,SAN LUIS POTOSI,3,10,11,CIUDAD FERNANDEZ,250
24,SAN LUIS POTOSI,3,10,24,RIOVERDE,634
24,SAN LUIS POTOSI,3,10,24,RIOVERDE,635
24,SAN LUIS POTOSI,3,10,24,RIOVERDE,636
24,SAN LUIS POTOSI,3,10,24,RIOVERDE,637
24,SAN LUIS POTOSI,3,10,24,RIOVERDE,638
24,SAN LUIS POTOSI,3,10,24,RIOVERDE,639
24,SAN LUIS POTOSI,3,10,24,RIOVERDE,640
24,SAN LUIS POTOSI,3,10,24,RIOVERDE,641
24,SAN LUIS POTOSI,3,10,24,RIOVERDE,642
24,SAN LUIS POTOSI,3,10,24,RIOVERDE,643
24,SAN LUIS POTOSI,3,10,24,RIOVERDE,644
24,SAN LUIS POTOSI,3,10,24,RIOVERDE,645
24,SAN LUIS POTOSI,3,10,24,RIOVERDE,646
24,SAN LUIS POTOSI,3,10,24,RIOVERDE,647
24,SAN LUIS POTOSI,3,10,24,RIOVERDE,648
24,SAN LUIS POTOSI,3,10,24,RIOVERDE,649
24,SAN LUIS POTOSI,3,10,24,RIOVERDE,650
24,SAN LUIS POTOSI,3,10,24,RIOVERDE,651
24,SAN LUIS POTOSI,3,10,24,RIOVERDE,652
24,SAN LUIS POTOSI,3,10,24,RIOVERDE,653
24,SAN LUIS POTOSI,3,10,24,RIOVERDE,654
24,SAN LUIS POTOSI,3,10,24,RIOVERDE,655
24,SAN LUIS POTOSI,3,10,24,RIOVERDE,656
24,SAN LUIS POTOSI,3,10,24,RIOVERDE,657
24,SAN LUIS POTOSI,3,10,24,RIOVERDE,658
24,SAN LUIS POTOSI,3,10,24,RIOVERDE,659
24,SAN LUIS POTOSI,3,10,24,RIOVERDE,660
24,SAN LUIS POTOSI,3,10,24,RIOVERDE,661
24,SAN LUIS POTOSI,3,10,24,RIOVERDE,662
24,SAN LUIS POTOSI,3,10,24,RIOVERDE,663
24,SAN LUIS POTOSI,3,10,24,RIOVERDE,664
24,SAN LUIS POTOSI,3,10,24,RIOVERDE,665
24,SAN LUIS POTOSI,3,10,24,RIOVERDE,666
24,SAN LUIS POTOSI,3,10,24,RIOVERDE,667
24,SAN LUIS POTOSI,3,10,24,RIOVERDE,668
24,SAN LUIS POTOSI,3,10,24,RIOVERDE,670
24,SAN LUIS POTOSI,3,10,24,RIOVERDE,671
24,SAN LUIS POTOSI,3,10,24,RIOVERDE,672
24,SAN LUIS POTOSI,3,10,24,RIOVERDE,673
24,SAN LUIS POTOSI,3,10,24,RIOVERDE,674
24,SAN LUIS POTOSI,3,10,24,RIOVERDE,675
24,SAN LUIS POTOSI,3,10,24,RIOVERDE,676
24,SAN LUIS POTOSI,3,10,24,RIOVERDE,677
24,SAN LUIS POTOSI,3,10,24,RIOVERDE,678
24,SAN LUIS POTOSI,3,10,24,RIOVERDE,679
24,SAN LUIS POTOSI,3,10,24,RIOVERDE,680
24,SAN LUIS POTOSI,3,10,24,RIOVERDE,681
24,SAN LUIS POTOSI,3,10,24,RIOVERDE,682
24,SAN LUIS POTOSI,3,10,24,RIOVERDE,683
24,SAN LUIS POTOSI,3,10,24,RIOVERDE,684
24,SAN LUIS POTOSI,3,10,24,RIOVERDE,685
24,SAN LUIS POTOSI,3,10,24,RIOVERDE,686
24,SAN LUIS POTOSI,3,10,24,RIOVERDE,687
24,SAN LUIS POTOSI,3,10,24,RIOVERDE,688
24,SAN LUIS POTOSI,3,10,24,RIOVERDE,689
24,SAN LUIS POTOSI,3,10,24,RIOVERDE,690
24,SAN LUIS POTOSI,3,10,24,RIOVERDE,691
24,SAN LUIS POTOSI,3,10,24,RIOVERDE,692
24,SAN LUIS POTOSI,3,10,24,RIOVERDE,693
24,SAN LUIS POTOSI,3,10,24,RIOVERDE,694
24,SAN LUIS POTOSI,3,10,24,RIOVERDE,695
24,SAN LUIS POTOSI,3,10,24,RIOVERDE,696
24,SAN LUIS POTOSI,3,10,24,RIOVERDE,697
24,SAN LUIS POTOSI,3,10,24,RIOVERDE,698
24,SAN LUIS POTOSI,3,10,24,RIOVERDE,699
24,SAN LUIS POTOSI,3,10,24,RIOVERDE,700
24,SAN LUIS POTOSI,3,10,24,RIOVERDE,701
24,SAN LUIS POTOSI,3,10,24,RIOVERDE,702
24,SAN LUIS POTOSI,3,10,24,RIOVERDE,703
24,SAN LUIS POTOSI,3,10,24,RIOVERDE,704
24,SAN LUIS POTOSI,3,10,24,RIOVERDE,705
24,SAN LUIS POTOSI,3,10,24,RIOVERDE,706
24,SAN LUIS POTOSI,3,10,24,RIOVERDE,707
24,SAN LUIS POTOSI,3,10,24,RIOVERDE,709
24,SAN LUIS POTOSI,3,10,24,RIOVERDE,710
24,SAN LUIS POTOSI,3,10,24,RIOVERDE,711
24,SAN LUIS POTOSI,3,10,24,RIOVERDE,712
24,SAN LUIS POTOSI,3,10,24,RIOVERDE,713
24,SAN LUIS POTOSI,3,10,24,RIOVERDE,714
24,SAN LUIS POTOSI,3,10,24,RIOVERDE,715
24,SAN LUIS POTOSI,3,10,24,RIOVERDE,716
24,SAN LUIS POTOSI,3,10,24,RIOVERDE,717
24,SAN LUIS POTOSI,3,10,24,RIOVERDE,718
24,SAN LUIS POTOSI,3,10,24,RIOVERDE,720
24,SAN LUIS POTOSI,3,10,24,RIOVERDE,721
24,SAN LUIS POTOSI,3,10,24,RIOVERDE,722
24,SAN LUIS POTOSI,3,10,24,RIOVERDE,723
24,SAN LUIS POTOSI,3,10,30,SAN NICOLAS TOLENTINO,1148
24,SAN LUIS POTOSI,3,10,30,SAN NICOLAS TOLENTINO,1149
24,SAN LUIS POTOSI,3,10,30,SAN NICOLAS TOLENTINO,1150
24,SAN LUIS POTOSI,3,10,30,SAN NICOLAS TOLENTINO,1151
24,SAN LUIS POTOSI,3,10,30,SAN NICOLAS TOLENTINO,1152
24,SAN LUIS POTOSI,3,10,30,SAN NICOLAS TOLENTINO,1153
24,SAN LUIS POTOSI,3,10,30,SAN NICOLAS TOLENTINO,1154
24,SAN LUIS POTOSI,3,10,30,SAN NICOLAS TOLENTINO,1155
24,SAN LUIS POTOSI,3,10,30,SAN NICOLAS TOLENTINO,1156
24,SAN LUIS POTOSI,3,10,30,SAN NICOLAS TOLENTINO,1158
24,SAN LUIS POTOSI,3,10,30,SAN NICOLAS TOLENTINO,1159
24,SAN LUIS POTOSI,3,10,53,VILLA JUAREZ,1689
24,SAN LUIS POTOSI,3,10,53,VILLA JUAREZ,1690
24,SAN LUIS POTOSI,3,10,53,VILLA JUAREZ,1691
24,SAN LUIS POTOSI,3,10,53,VILLA JUAREZ,1692
24,SAN LUIS POTOSI,3,10,53,VILLA JUAREZ,1693
24,SAN LUIS POTOSI,3,10,53,VILLA JUAREZ,1694
24,SAN LUIS POTOSI,3,10,53,VILLA JUAREZ,1695
24,SAN LUIS POTOSI,3,10,53,VILLA JUAREZ,1696
24,SAN LUIS POTOSI,3,10,53,VILLA JUAREZ,1697
24,SAN LUIS POTOSI,3,10,53,VILLA JUAREZ,1698
24,SAN LUIS POTOSI,3,10,53,VILLA JUAREZ,1699
24,SAN LUIS POTOSI,3,10,53,VILLA JUAREZ,1700
24,SAN LUIS POTOSI,3,10,53,VILLA JUAREZ,1701
24,SAN LUIS POTOSI,3,10,53,VILLA JUAREZ,1702
24,SAN LUIS POTOSI,3,10,53,VILLA JUAREZ,1703
24,SAN LUIS POTOSI,3,10,53,VILLA JUAREZ,1704
24,SAN LUIS POTOSI,3,11,2,ALAQUINES,15
24,SAN LUIS POTOSI,3,11,2,ALAQUINES,16
24,SAN LUIS POTOSI,3,11,2,ALAQUINES,17
24,SAN LUIS POTOSI,3,11,2,ALAQUINES,18
24,SAN LUIS POTOSI,3,11,2,ALAQUINES,19
24,SAN LUIS POTOSI,3,11,2,ALAQUINES,20
24,SAN LUIS POTOSI,3,11,2,ALAQUINES,21
24,SAN LUIS POTOSI,3,11,2,ALAQUINES,22
24,SAN LUIS POTOSI,3,11,2,ALAQUINES,23
24,SAN LUIS POTOSI,3,11,2,ALAQUINES,24
24,SAN LUIS POTOSI,3,11,2,ALAQUINES,25
24,SAN LUIS POTOSI,3,11,2,ALAQUINES,26
24,SAN LUIS POTOSI,3,11,2,ALAQUINES,27
24,SAN LUIS POTOSI,3,11,2,ALAQUINES,28
24,SAN LUIS POTOSI,3,11,2,ALAQUINES,29
24,SAN LUIS POTOSI,3,11,2,ALAQUINES,30
24,SAN LUIS POTOSI,3,11,2,ALAQUINES,31
24,SAN LUIS POTOSI,3,11,2,ALAQUINES,32
24,SAN LUIS POTOSI,3,11,2,ALAQUINES,33
24,SAN LUIS POTOSI,3,11,5,CARDENAS,78
24,SAN LUIS POTOSI,3,11,5,CARDENAS,79
24,SAN LUIS POTOSI,3,11,5,CARDENAS,80
24,SAN LUIS POTOSI,3,11,5,CARDENAS,81
24,SAN LUIS POTOSI,3,11,5,CARDENAS,82
24,SAN LUIS POTOSI,3,11,5,CARDENAS,83
24,SAN LUIS POTOSI,3,11,5,CARDENAS,84
24,SAN LUIS POTOSI,3,11,5,CARDENAS,85
24,SAN LUIS POTOSI,3,11,5,CARDENAS,86
24,SAN LUIS POTOSI,3,11,5,CARDENAS,87
24,SAN LUIS POTOSI,3,11,5,CARDENAS,88
24,SAN LUIS POTOSI,3,11,5,CARDENAS,89
24,SAN LUIS POTOSI,3,11,5,CARDENAS,90
24,SAN LUIS POTOSI,3,11,5,CARDENAS,91
24,SAN LUIS POTOSI,3,11,5,CARDENAS,92
24,SAN LUIS POTOSI,3,11,5,CARDENAS,93
24,SAN LUIS POTOSI,3,11,5,CARDENAS,94
24,SAN LUIS POTOSI,3,11,5,CARDENAS,95
24,SAN LUIS POTOSI,3,11,5,CARDENAS,96
24,SAN LUIS POTOSI,3,11,5,CARDENAS,97
24,SAN LUIS POTOSI,3,11,10,CIUDAD DEL MAIZ,173
24,SAN LUIS POTOSI,3,11,10,CIUDAD DEL MAIZ,174
24,SAN LUIS POTOSI,3,11,10,CIUDAD DEL MAIZ,175
24,SAN LUIS POTOSI,3,11,10,CIUDAD DEL MAIZ,176
24,SAN LUIS POTOSI,3,11,10,CIUDAD DEL MAIZ,177
24,SAN LUIS POTOSI,3,11,10,CIUDAD DEL MAIZ,178
24,SAN LUIS POTOSI,3,11,10,CIUDAD DEL MAIZ,179
24,SAN LUIS POTOSI,3,11,10,CIUDAD DEL MAIZ,181
24,SAN LUIS POTOSI,3,11,10,CIUDAD DEL MAIZ,182
24,SAN LUIS POTOSI,3,11,10,CIUDAD DEL MAIZ,183
24,SAN LUIS POTOSI,3,11,10,CIUDAD DEL MAIZ,184
24,SAN LUIS POTOSI,3,11,10,CIUDAD DEL MAIZ,185
24,SAN LUIS POTOSI,3,11,10,CIUDAD DEL MAIZ,196
24,SAN LUIS POTOSI,3,11,10,CIUDAD DEL MAIZ,197
24,SAN LUIS POTOSI,3,11,10,CIUDAD DEL MAIZ,198
24,SAN LUIS POTOSI,3,11,10,CIUDAD DEL MAIZ,199
24,SAN LUIS POTOSI,3,11,10,CIUDAD DEL MAIZ,200
24,SAN LUIS POTOSI,3,11,10,CIUDAD DEL MAIZ,201
24,SAN LUIS POTOSI,3,11,10,CIUDAD DEL MAIZ,202
24,SAN LUIS POTOSI,3,11,10,CIUDAD DEL MAIZ,206
24,SAN LUIS POTOSI,3,11,10,CIUDAD DEL MAIZ,207
24,SAN LUIS POTOSI,3,11,10,CIUDAD DEL MAIZ,208
24,SAN LUIS POTOSI,3,11,10,CIUDAD DEL MAIZ,209
24,SAN LUIS POTOSI,3,11,10,CIUDAD DEL MAIZ,210
24,SAN LUIS POTOSI,3,11,10,CIUDAD DEL MAIZ,211
24,SAN LUIS POTOSI,3,11,10,CIUDAD DEL MAIZ,214
24,SAN LUIS POTOSI,3,11,10,CIUDAD DEL MAIZ,215
24,SAN LUIS POTOSI,3,11,10,CIUDAD DEL MAIZ,216
24,SAN LUIS POTOSI,3,11,10,CIUDAD DEL MAIZ,217
24,SAN LUIS POTOSI,3,11,10,CIUDAD DEL MAIZ,218
24,SAN LUIS POTOSI,3,11,10,CIUDAD DEL MAIZ,1828
24,SAN LUIS POTOSI,3,11,17,GUADALCAZAR,437
24,SAN LUIS POTOSI,3,11,17,GUADALCAZAR,438
24,SAN LUIS POTOSI,3,11,17,GUADALCAZAR,439
24,SAN LUIS POTOSI,3,11,17,GUADALCAZAR,440
24,SAN LUIS POTOSI,3,11,17,GUADALCAZAR,441
24,SAN LUIS POTOSI,3,11,17,GUADALCAZAR,442
24,SAN LUIS POTOSI,3,11,17,GUADALCAZAR,443
24,SAN LUIS POTOSI,3,11,17,GUADALCAZAR,444
24,SAN LUIS POTOSI,3,11,17,GUADALCAZAR,445
24,SAN LUIS POTOSI,3,11,17,GUADALCAZAR,446
24,SAN LUIS POTOSI,3,11,17,GUADALCAZAR,447
24,SAN LUIS POTOSI,3,11,17,GUADALCAZAR,448
24,SAN LUIS POTOSI,3,11,17,GUADALCAZAR,449
24,SAN LUIS POTOSI,3,11,17,GUADALCAZAR,450
24,SAN LUIS POTOSI,3,11,17,GUADALCAZAR,451
24,SAN LUIS POTOSI,3,11,17,GUADALCAZAR,452
24,SAN LUIS POTOSI,3,11,17,GUADALCAZAR,453
24,SAN LUIS POTOSI,3,11,17,GUADALCAZAR,454
24,SAN LUIS POTOSI,3,11,17,GUADALCAZAR,455
24,SAN LUIS POTOSI,3,11,17,GUADALCAZAR,457
24,SAN LUIS POTOSI,3,11,17,GUADALCAZAR,458
24,SAN LUIS POTOSI,3,11,17,GUADALCAZAR,459
24,SAN LUIS POTOSI,3,11,17,GUADALCAZAR,460
24,SAN LUIS POTOSI,3,11,17,GUADALCAZAR,461
24,SAN LUIS POTOSI,3,11,17,GUADALCAZAR,462
24,SAN LUIS POTOSI,3,11,17,GUADALCAZAR,463
24,SAN LUIS POTOSI,3,11,17,GUADALCAZAR,464
24,SAN LUIS POTOSI,3,11,17,GUADALCAZAR,465
24,SAN LUIS POTOSI,3,11,17,GUADALCAZAR,466
24,SAN LUIS POTOSI,3,11,17,GUADALCAZAR,467
24,SAN LUIS POTOSI,3,11,19,LAGUNILLAS,478
24,SAN LUIS POTOSI,3,11,19,LAGUNILLAS,479
24,SAN LUIS POTOSI,3,11,19,LAGUNILLAS,480
24,SAN LUIS POTOSI,3,11,19,LAGUNILLAS,481
24,SAN LUIS POTOSI,3,11,19,LAGUNILLAS,482
24,SAN LUIS POTOSI,3,11,19,LAGUNILLAS,483
24,SAN LUIS POTOSI,3,11,19,LAGUNILLAS,484
24,SAN LUIS POTOSI,3,11,19,LAGUNILLAS,485
24,SAN LUIS POTOSI,3,11,19,LAGUNILLAS,486
24,SAN LUIS POTOSI,3,11,19,LAGUNILLAS,487
24,SAN LUIS POTOSI,3,11,19,LAGUNILLAS,488
24,SAN LUIS POTOSI,3,11,19,LAGUNILLAS,489
24,SAN LUIS POTOSI,3,11,23,RAYON,616
24,SAN LUIS POTOSI,3,11,23,RAYON,617
24,SAN LUIS POTOSI,3,11,23,RAYON,618
24,SAN LUIS POTOSI,3,11,23,RAYON,619
24,SAN LUIS POTOSI,3,11,23,RAYON,620
24,SAN LUIS POTOSI,3,11,23,RAYON,621
24,SAN LUIS POTOSI,3,11,23,RAYON,622
24,SAN LUIS POTOSI,3,11,23,RAYON,623
24,SAN LUIS POTOSI,3,11,23,RAYON,624
24,SAN LUIS POTOSI,3,11,23,RAYON,625
24,SAN LUIS POTOSI,3,11,23,RAYON,626
24,SAN LUIS POTOSI,3,11,23,RAYON,627
24,SAN LUIS POTOSI,3,11,23,RAYON,628
24,SAN LUIS POTOSI,3,11,23,RAYON,629
24,SAN LUIS POTOSI,3,11,23,RAYON,630
24,SAN LUIS POTOSI,3,11,23,RAYON,631
24,SAN LUIS POTOSI,3,11,23,RAYON,632
24,SAN LUIS POTOSI,3,11,23,RAYON,633
24,SAN LUIS POTOSI,3,11,27,SAN CIRO DE ACOSTA,757
24,SAN LUIS POTOSI,3,11,27,SAN CIRO DE ACOSTA,758
24,SAN LUIS POTOSI,3,11,27,SAN CIRO DE ACOSTA,759
24,SAN LUIS POTOSI,3,11,27,SAN CIRO DE ACOSTA,760
24,SAN LUIS POTOSI,3,11,27,SAN CIRO DE ACOSTA,761
24,SAN LUIS POTOSI,3,11,27,SAN CIRO DE ACOSTA,762
24,SAN LUIS POTOSI,3,11,27,SAN CIRO DE ACOSTA,763
24,SAN LUIS POTOSI,3,11,27,SAN CIRO DE ACOSTA,764
24,SAN LUIS POTOSI,3,11,27,SAN CIRO DE ACOSTA,765
24,SAN LUIS POTOSI,3,11,27,SAN CIRO DE ACOSTA,766
24,SAN LUIS POTOSI,3,11,27,SAN CIRO DE ACOSTA,767
24,SAN LUIS POTOSI,3,11,27,SAN CIRO DE ACOSTA,768
24,SAN LUIS POTOSI,3,11,27,SAN CIRO DE ACOSTA,769
24,SAN LUIS POTOSI,3,11,27,SAN CIRO DE ACOSTA,770
24,SAN LUIS POTOSI,3,11,27,SAN CIRO DE ACOSTA,771
24,SAN LUIS POTOSI,3,11,27,SAN CIRO DE ACOSTA,772
24,SAN LUIS POTOSI,3,11,32,SANTA CATARINA,1179
24,SAN LUIS POTOSI,3,11,32,SANTA CATARINA,1180
24,SAN LUIS POTOSI,3,11,32,SANTA CATARINA,1181
24,SAN LUIS POTOSI,3,11,32,SANTA CATARINA,1182
24,SAN LUIS POTOSI,3,11,32,SANTA CATARINA,1183
24,SAN LUIS POTOSI,3,11,32,SANTA CATARINA,1184
24,SAN LUIS POTOSI,3,11,32,SANTA CATARINA,1185
24,SAN LUIS POTOSI,3,11,32,SANTA CATARINA,1186
24,SAN LUIS POTOSI,3,11,32,SANTA CATARINA,1187
24,SAN LUIS POTOSI,4,11,36,TAMASOPO,1319
24,SAN LUIS POTOSI,4,11,36,TAMASOPO,1320
24,SAN LUIS POTOSI,4,11,36,TAMASOPO,1321
24,SAN LUIS POTOSI,4,11,36,TAMASOPO,1322
24,SAN LUIS POTOSI,4,11,36,TAMASOPO,1323
24,SAN LUIS POTOSI,4,11,36,TAMASOPO,1324
24,SAN LUIS POTOSI,4,11,36,TAMASOPO,1325
24,SAN LUIS POTOSI,4,11,36,TAMASOPO,1326
24,SAN LUIS POTOSI,4,11,36,TAMASOPO,1327
24,SAN LUIS POTOSI,4,11,36,TAMASOPO,1328
24,SAN LUIS POTOSI,4,11,36,TAMASOPO,1329
24,SAN LUIS POTOSI,4,11,36,TAMASOPO,1330
24,SAN LUIS POTOSI,4,11,36,TAMASOPO,1331
24,SAN LUIS POTOSI,4,11,36,TAMASOPO,1332
24,SAN LUIS POTOSI,4,11,36,TAMASOPO,1333
24,SAN LUIS POTOSI,4,11,36,TAMASOPO,1334
24,SAN LUIS POTOSI,4,11,36,TAMASOPO,1335
24,SAN LUIS POTOSI,4,11,57,EL NARANJO,180
24,SAN LUIS POTOSI,4,11,57,EL NARANJO,186
24,SAN LUIS POTOSI,4,11,57,EL NARANJO,187
24,SAN LUIS POTOSI,4,11,57,EL NARANJO,188
24,SAN LUIS POTOSI,4,11,57,EL NARANJO,189
24,SAN LUIS POTOSI,4,11,57,EL NARANJO,190
24,SAN LUIS POTOSI,4,11,57,EL NARANJO,191
24,SAN LUIS POTOSI,4,11,57,EL NARANJO,192
24,SAN LUIS POTOSI,4,11,57,EL NARANJO,193
24,SAN LUIS POTOSI,4,11,57,EL NARANJO,194
24,SAN LUIS POTOSI,4,11,57,EL NARANJO,195
24,SAN LUIS POTOSI,4,11,57,EL NARANJO,203
24,SAN LUIS POTOSI,4,11,57,EL NARANJO,204
24,SAN LUIS POTOSI,4,11,57,EL NARANJO,205
24,SAN LUIS POTOSI,4,11,57,EL NARANJO,212
24,SAN LUIS POTOSI,4,11,57,EL NARANJO,213
24,SAN LUIS POTOSI,4,11,57,EL NARANJO,219
24,SAN LUIS POTOSI,4,12,13,CIUDAD VALLES,266
24,SAN LUIS POTOSI,4,12,13,CIUDAD VALLES,267
24,SAN LUIS POTOSI,4,12,13,CIUDAD VALLES,268
24,SAN LUIS POTOSI,4,12,13,CIUDAD VALLES,269
24,SAN LUIS POTOSI,4,12,13,CIUDAD VALLES,270
24,SAN LUIS POTOSI,4,12,13,CIUDAD VALLES,271
24,SAN LUIS POTOSI,4,12,13,CIUDAD VALLES,272
24,SAN LUIS POTOSI,4,12,13,CIUDAD VALLES,273
24,SAN LUIS POTOSI,4,12,13,CIUDAD VALLES,274
24,SAN LUIS POTOSI,4,12,13,CIUDAD VALLES,275
24,SAN LUIS POTOSI,4,12,13,CIUDAD VALLES,276
24,SAN LUIS POTOSI,4,12,13,CIUDAD VALLES,277
24,SAN LUIS POTOSI,4,12,13,CIUDAD VALLES,278
24,SAN LUIS POTOSI,4,12,13,CIUDAD VALLES,279
24,SAN LUIS POTOSI,4,12,13,CIUDAD VALLES,280
24,SAN LUIS POTOSI,4,12,13,CIUDAD VALLES,281
24,SAN LUIS POTOSI,4,12,13,CIUDAD VALLES,282
24,SAN LUIS POTOSI,4,12,13,CIUDAD VALLES,283
24,SAN LUIS POTOSI,4,12,13,CIUDAD VALLES,284
24,SAN LUIS POTOSI,4,12,13,CIUDAD VALLES,285
24,SAN LUIS POTOSI,4,12,13,CIUDAD VALLES,286
24,SAN LUIS POTOSI,4,12,13,CIUDAD VALLES,287
24,SAN LUIS POTOSI,4,12,13,CIUDAD VALLES,288
24,SAN LUIS POTOSI,4,12,13,CIUDAD VALLES,289
24,SAN LUIS POTOSI,4,12,13,CIUDAD VALLES,290
24,SAN LUIS POTOSI,4,12,13,CIUDAD VALLES,291
24,SAN LUIS POTOSI,4,12,13,CIUDAD VALLES,292
24,SAN LUIS POTOSI,4,12,13,CIUDAD VALLES,293
24,SAN LUIS POTOSI,4,12,13,CIUDAD VALLES,294
24,SAN LUIS POTOSI,4,12,13,CIUDAD VALLES,295
24,SAN LUIS POTOSI,4,12,13,CIUDAD VALLES,296
24,SAN LUIS POTOSI,4,12,13,CIUDAD VALLES,297
24,SAN LUIS POTOSI,4,12,13,CIUDAD VALLES,298
24,SAN LUIS POTOSI,4,12,13,CIUDAD VALLES,299
24,SAN LUIS POTOSI,4,12,13,CIUDAD VALLES,300
24,SAN LUIS POTOSI,4,12,13,CIUDAD VALLES,301
24,SAN LUIS POTOSI,4,12,13,CIUDAD VALLES,302
24,SAN LUIS POTOSI,4,12,13,CIUDAD VALLES,303
24,SAN LUIS POTOSI,4,12,13,CIUDAD VALLES,304
24,SAN LUIS POTOSI,4,12,13,CIUDAD VALLES,305
24,SAN LUIS POTOSI,4,12,13,CIUDAD VALLES,306
24,SAN LUIS POTOSI,4,12,13,CIUDAD VALLES,307
24,SAN LUIS POTOSI,4,12,13,CIUDAD VALLES,308
24,SAN LUIS POTOSI,4,12,13,CIUDAD VALLES,309
24,SAN LUIS POTOSI,4,12,13,CIUDAD VALLES,310
24,SAN LUIS POTOSI,4,12,13,CIUDAD VALLES,311
24,SAN LUIS POTOSI,4,12,13,CIUDAD VALLES,312
24,SAN LUIS POTOSI,4,12,13,CIUDAD VALLES,313
24,SAN LUIS POTOSI,4,12,13,CIUDAD VALLES,314
24,SAN LUIS POTOSI,4,12,13,CIUDAD VALLES,315
24,SAN LUIS POTOSI,4,12,13,CIUDAD VALLES,316
24,SAN LUIS POTOSI,4,12,13,CIUDAD VALLES,317
24,SAN LUIS POTOSI,4,12,13,CIUDAD VALLES,318
24,SAN LUIS POTOSI,4,12,13,CIUDAD VALLES,319
24,SAN LUIS POTOSI,4,12,13,CIUDAD VALLES,320
24,SAN LUIS POTOSI,4,12,13,CIUDAD VALLES,321
24,SAN LUIS POTOSI,4,12,13,CIUDAD VALLES,322
24,SAN LUIS POTOSI,4,12,13,CIUDAD VALLES,323
24,SAN LUIS POTOSI,4,12,13,CIUDAD VALLES,324
24,SAN LUIS POTOSI,4,12,13,CIUDAD VALLES,325
24,SAN LUIS POTOSI,4,12,13,CIUDAD VALLES,326
24,SAN LUIS POTOSI,4,12,13,CIUDAD VALLES,327
24,SAN LUIS POTOSI,4,12,13,CIUDAD VALLES,328
24,SAN LUIS POTOSI,4,12,13,CIUDAD VALLES,329
24,SAN LUIS POTOSI,4,12,13,CIUDAD VALLES,330
24,SAN LUIS POTOSI,4,12,13,CIUDAD VALLES,331
24,SAN LUIS POTOSI,4,12,13,CIUDAD VALLES,332
24,SAN LUIS POTOSI,4,12,13,CIUDAD VALLES,333
24,SAN LUIS POTOSI,4,12,13,CIUDAD VALLES,334
24,SAN LUIS POTOSI,4,12,13,CIUDAD VALLES,335
24,SAN LUIS POTOSI,4,12,13,CIUDAD VALLES,336
24,SAN LUIS POTOSI,4,12,13,CIUDAD VALLES,337
24,SAN LUIS POTOSI,4,12,13,CIUDAD VALLES,338
24,SAN LUIS POTOSI,4,12,13,CIUDAD VALLES,339
24,SAN LUIS POTOSI,4,12,13,CIUDAD VALLES,340
24,SAN LUIS POTOSI,4,12,13,CIUDAD VALLES,341
24,SAN LUIS POTOSI,4,12,13,CIUDAD VALLES,342
24,SAN LUIS POTOSI,4,12,13,CIUDAD VALLES,343
24,SAN LUIS POTOSI,4,12,13,CIUDAD VALLES,344
24,SAN LUIS POTOSI,4,12,13,CIUDAD VALLES,345
24,SAN LUIS POTOSI,4,12,13,CIUDAD VALLES,346
24,SAN LUIS POTOSI,4,12,13,CIUDAD VALLES,347
24,SAN LUIS POTOSI,4,12,13,CIUDAD VALLES,348
24,SAN LUIS POTOSI,4,12,13,CIUDAD VALLES,349
24,SAN LUIS POTOSI,4,12,13,CIUDAD VALLES,350
24,SAN LUIS POTOSI,4,12,13,CIUDAD VALLES,351
24,SAN LUIS POTOSI,4,12,13,CIUDAD VALLES,352
24,SAN LUIS POTOSI,4,12,13,CIUDAD VALLES,353
24,SAN LUIS POTOSI,4,12,13,CIUDAD VALLES,354
24,SAN LUIS POTOSI,4,12,13,CIUDAD VALLES,355
24,SAN LUIS POTOSI,4,12,13,CIUDAD VALLES,356
24,SAN LUIS POTOSI,4,12,13,CIUDAD VALLES,357
24,SAN LUIS POTOSI,4,12,13,CIUDAD VALLES,358
24,SAN LUIS POTOSI,4,12,13,CIUDAD VALLES,359
24,SAN LUIS POTOSI,4,12,13,CIUDAD VALLES,360
24,SAN LUIS POTOSI,4,12,13,CIUDAD VALLES,361
24,SAN LUIS POTOSI,4,12,13,CIUDAD VALLES,362
24,SAN LUIS POTOSI,4,12,13,CIUDAD VALLES,363
24,SAN LUIS POTOSI,4,12,13,CIUDAD VALLES,364
24,SAN LUIS POTOSI,4,12,13,CIUDAD VALLES,365
24,SAN LUIS POTOSI,4,12,13,CIUDAD VALLES,366
24,SAN LUIS POTOSI,4,12,13,CIUDAD VALLES,367
24,SAN LUIS POTOSI,4,12,13,CIUDAD VALLES,368
24,SAN LUIS POTOSI,4,12,13,CIUDAD VALLES,369
24,SAN LUIS POTOSI,4,12,13,CIUDAD VALLES,370
24,SAN LUIS POTOSI,4,13,16,EBANO,405
24,SAN LUIS POTOSI,4,13,16,EBANO,406
24,SAN LUIS POTOSI,4,13,16,EBANO,407
24,SAN LUIS POTOSI,4,13,16,EBANO,408
24,SAN LUIS POTOSI,4,13,16,EBANO,409
24,SAN LUIS POTOSI,4,13,16,EBANO,410
24,SAN LUIS POTOSI,4,13,16,EBANO,411
24,SAN LUIS POTOSI,4,13,16,EBANO,412
24,SAN LUIS POTOSI,4,13,16,EBANO,413
24,SAN LUIS POTOSI,4,13,16,EBANO,414
24,SAN LUIS POTOSI,4,13,16,EBANO,415
24,SAN LUIS POTOSI,4,13,16,EBANO,416
24,SAN LUIS POTOSI,4,13,16,EBANO,417
24,SAN LUIS POTOSI,4,13,16,EBANO,418
24,SAN LUIS POTOSI,4,13,16,EBANO,419
24,SAN LUIS POTOSI,4,13,16,EBANO,420
24,SAN LUIS POTOSI,4,13,16,EBANO,421
24,SAN LUIS POTOSI,4,13,16,EBANO,422
24,SAN LUIS POTOSI,4,13,16,EBANO,423
24,SAN LUIS POTOSI,4,13,16,EBANO,424
24,SAN LUIS POTOSI,4,13,16,EBANO,425
24,SAN LUIS POTOSI,4,13,16,EBANO,426
24,SAN LUIS POTOSI,4,13,16,EBANO,427
24,SAN LUIS POTOSI,4,13,16,EBANO,428
24,SAN LUIS POTOSI,4,13,16,EBANO,429
24,SAN LUIS POTOSI,4,13,16,EBANO,430
24,SAN LUIS POTOSI,4,13,16,EBANO,431
24,SAN LUIS POTOSI,4,13,16,EBANO,432
24,SAN LUIS POTOSI,4,13,16,EBANO,433
24,SAN LUIS POTOSI,4,13,16,EBANO,434
24,SAN LUIS POTOSI,4,13,16,EBANO,435
24,SAN LUIS POTOSI,4,13,16,EBANO,436
24,SAN LUIS POTOSI,4,13,31,SAN VICENTE TANCUAYALAB,1160
24,SAN LUIS POTOSI,4,13,31,SAN VICENTE TANCUAYALAB,1161
24,SAN LUIS POTOSI,4,13,31,SAN VICENTE TANCUAYALAB,1162
24,SAN LUIS POTOSI,4,13,31,SAN VICENTE TANCUAYALAB,1163
24,SAN LUIS POTOSI,4,13,31,SAN VICENTE TANCUAYALAB,1164
24,SAN LUIS POTOSI,4,13,31,SAN VICENTE TANCUAYALAB,1165
24,SAN LUIS POTOSI,4,13,31,SAN VICENTE TANCUAYALAB,1166
24,SAN LUIS POTOSI,4,13,31,SAN VICENTE TANCUAYALAB,1167
24,SAN LUIS POTOSI,4,13,31,SAN VICENTE TANCUAYALAB,1168
24,SAN LUIS POTOSI,4,13,31,SAN VICENTE TANCUAYALAB,1169
24,SAN LUIS POTOSI,4,13,31,SAN VICENTE TANCUAYALAB,1170
24,SAN LUIS POTOSI,4,13,31,SAN VICENTE TANCUAYALAB,1171
24,SAN LUIS POTOSI,4,13,31,SAN VICENTE TANCUAYALAB,1172
24,SAN LUIS POTOSI,4,13,31,SAN VICENTE TANCUAYALAB,1173
24,SAN LUIS POTOSI,4,13,31,SAN VICENTE TANCUAYALAB,1174
24,SAN LUIS POTOSI,4,13,31,SAN VICENTE TANCUAYALAB,1175
24,SAN LUIS POTOSI,4,13,31,SAN VICENTE TANCUAYALAB,1176
24,SAN LUIS POTOSI,4,13,31,SAN VICENTE TANCUAYALAB,1177
24,SAN LUIS POTOSI,4,13,31,SAN VICENTE TANCUAYALAB,1178
24,SAN LUIS POTOSI,4,13,40,TAMUIN,1445
24,SAN LUIS POTOSI,4,13,40,TAMUIN,1446
24,SAN LUIS POTOSI,4,13,40,TAMUIN,1447
24,SAN LUIS POTOSI,4,13,40,TAMUIN,1448
24,SAN LUIS POTOSI,4,13,40,TAMUIN,1449
24,SAN LUIS POTOSI,4,13,40,TAMUIN,1450
24,SAN LUIS POTOSI,4,13,40,TAMUIN,1451
24,SAN LUIS POTOSI,4,13,40,TAMUIN,1452
24,SAN LUIS POTOSI,4,13,40,TAMUIN,1453
24,SAN LUIS POTOSI,4,13,40,TAMUIN,1454
24,SAN LUIS POTOSI,4,13,40,TAMUIN,1455
24,SAN LUIS POTOSI,4,13,40,TAMUIN,1456
24,SAN LUIS POTOSI,4,13,40,TAMUIN,1457
24,SAN LUIS POTOSI,4,13,40,TAMUIN,1458
24,SAN LUIS POTOSI,4,13,40,TAMUIN,1459
24,SAN LUIS POTOSI,4,13,40,TAMUIN,1460
24,SAN LUIS POTOSI,4,13,40,TAMUIN,1461
24,SAN LUIS POTOSI,4,13,40,TAMUIN,1462
24,SAN LUIS POTOSI,4,13,40,TAMUIN,1463
24,SAN LUIS POTOSI,4,13,40,TAMUIN,1464
24,SAN LUIS POTOSI,4,13,40,TAMUIN,1465
24,SAN LUIS POTOSI,4,13,40,TAMUIN,1466
24,SAN LUIS POTOSI,4,13,40,TAMUIN,1467
24,SAN LUIS POTOSI,4,13,40,TAMUIN,1468
24,SAN LUIS POTOSI,4,13,40,TAMUIN,1469
24,SAN LUIS POTOSI,4,13,40,TAMUIN,1470
24,SAN LUIS POTOSI,4,13,40,TAMUIN,1471
24,SAN LUIS POTOSI,4,13,40,TAMUIN,1472
24,SAN LUIS POTOSI,4,13,40,TAMUIN,1473
24,SAN LUIS POTOSI,4,13,40,TAMUIN,1474
24,SAN LUIS POTOSI,4,13,40,TAMUIN,1475
24,SAN LUIS POTOSI,4,13,40,TAMUIN,1476
24,SAN LUIS POTOSI,4,13,40,TAMUIN,1477
24,SAN LUIS POTOSI,4,13,40,TAMUIN,1478
24,SAN LUIS POTOSI,4,13,40,TAMUIN,1479
24,SAN LUIS POTOSI,4,13,42,TANQUIAN DE ESCOBEDO,1496
24,SAN LUIS POTOSI,4,13,42,TANQUIAN DE ESCOBEDO,1497
24,SAN LUIS POTOSI,4,13,42,TANQUIAN DE ESCOBEDO,1498
24,SAN LUIS POTOSI,4,13,42,TANQUIAN DE ESCOBEDO,1499
24,SAN LUIS POTOSI,4,13,42,TANQUIAN DE ESCOBEDO,1500
24,SAN LUIS POTOSI,4,13,42,TANQUIAN DE ESCOBEDO,1501
24,SAN LUIS POTOSI,4,13,42,TANQUIAN DE ESCOBEDO,1502
24,SAN LUIS POTOSI,4,13,42,TANQUIAN DE ESCOBEDO,1503
24,SAN LUIS POTOSI,4,13,42,TANQUIAN DE ESCOBEDO,1504
24,SAN LUIS POTOSI,4,13,42,TANQUIAN DE ESCOBEDO,1505
24,SAN LUIS POTOSI,4,13,42,TANQUIAN DE ESCOBEDO,1506
24,SAN LUIS POTOSI,5,2,28,SAN LUIS POTOSI,773
24,SAN LUIS POTOSI,5,2,28,SAN LUIS POTOSI,777
24,SAN LUIS POTOSI,5,2,28,SAN LUIS POTOSI,778
24,SAN LUIS POTOSI,5,2,28,SAN LUIS POTOSI,779
24,SAN LUIS POTOSI,5,2,28,SAN LUIS POTOSI,780
24,SAN LUIS POTOSI,5,2,28,SAN LUIS POTOSI,783
24,SAN LUIS POTOSI,5,2,28,SAN LUIS POTOSI,784
24,SAN LUIS POTOSI,5,2,28,SAN LUIS POTOSI,785
24,SAN LUIS POTOSI,5,2,28,SAN LUIS POTOSI,786
24,SAN LUIS POTOSI,5,2,28,SAN LUIS POTOSI,788
24,SAN LUIS POTOSI,5,2,28,SAN LUIS POTOSI,789
24,SAN LUIS POTOSI,5,2,28,SAN LUIS POTOSI,790
24,SAN LUIS POTOSI,5,2,28,SAN LUIS POTOSI,793
24,SAN LUIS POTOSI,5,2,28,SAN LUIS POTOSI,794
24,SAN LUIS POTOSI,5,2,28,SAN LUIS POTOSI,795
24,SAN LUIS POTOSI,5,2,28,SAN LUIS POTOSI,796
24,SAN LUIS POTOSI,5,2,28,SAN LUIS POTOSI,799
24,SAN LUIS POTOSI,5,2,28,SAN LUIS POTOSI,800
24,SAN LUIS POTOSI,5,2,28,SAN LUIS POTOSI,801
24,SAN LUIS POTOSI,5,2,28,SAN LUIS POTOSI,802
24,SAN LUIS POTOSI,5,2,28,SAN LUIS POTOSI,803
24,SAN LUIS POTOSI,5,2,28,SAN LUIS POTOSI,804
24,SAN LUIS POTOSI,5,2,28,SAN LUIS POTOSI,806
24,SAN LUIS POTOSI,5,2,28,SAN LUIS POTOSI,807
24,SAN LUIS POTOSI,5,2,28,SAN LUIS POTOSI,810
24,SAN LUIS POTOSI,5,2,28,SAN LUIS POTOSI,811
24,SAN LUIS POTOSI,5,2,28,SAN LUIS POTOSI,812
24,SAN LUIS POTOSI,5,2,28,SAN LUIS POTOSI,813
24,SAN LUIS POTOSI,5,2,28,SAN LUIS POTOSI,814
24,SAN LUIS POTOSI,5,2,28,SAN LUIS POTOSI,815
24,SAN LUIS POTOSI,5,2,28,SAN LUIS POTOSI,816
24,SAN LUIS POTOSI,5,2,28,SAN LUIS POTOSI,817
24,SAN LUIS POTOSI,5,2,28,SAN LUIS POTOSI,818
24,SAN LUIS POTOSI,5,2,28,SAN LUIS POTOSI,819
24,SAN LUIS POTOSI,5,2,28,SAN LUIS POTOSI,820
24,SAN LUIS POTOSI,5,2,28,SAN LUIS POTOSI,821
24,SAN LUIS POTOSI,5,2,28,SAN LUIS POTOSI,822
24,SAN LUIS POTOSI,5,2,28,SAN LUIS POTOSI,823
24,SAN LUIS POTOSI,5,2,28,SAN LUIS POTOSI,824
24,SAN LUIS POTOSI,5,2,28,SAN LUIS POTOSI,825
24,SAN LUIS POTOSI,5,2,28,SAN LUIS POTOSI,826
24,SAN LUIS POTOSI,5,2,28,SAN LUIS POTOSI,827
24,SAN LUIS POTOSI,5,2,28,SAN LUIS POTOSI,835
24,SAN LUIS POTOSI,5,2,28,SAN LUIS POTOSI,836
24,SAN LUIS POTOSI,5,2,28,SAN LUIS POTOSI,837
24,SAN LUIS POTOSI,5,2,28,SAN LUIS POTOSI,838
24,SAN LUIS POTOSI,5,2,28,SAN LUIS POTOSI,839
24,SAN LUIS POTOSI,5,2,28,SAN LUIS POTOSI,840
24,SAN LUIS POTOSI,5,2,28,SAN LUIS POTOSI,841
24,SAN LUIS POTOSI,5,2,28,SAN LUIS POTOSI,842
24,SAN LUIS POTOSI,5,2,28,SAN LUIS POTOSI,843
24,SAN LUIS POTOSI,5,2,28,SAN LUIS POTOSI,844
24,SAN LUIS POTOSI,5,2,28,SAN LUIS POTOSI,849
24,SAN LUIS POTOSI,5,2,28,SAN LUIS POTOSI,850
24,SAN LUIS POTOSI,5,2,28,SAN LUIS POTOSI,852
24,SAN LUIS POTOSI,5,2,28,SAN LUIS POTOSI,853
24,SAN LUIS POTOSI,5,2,28,SAN LUIS POTOSI,854
24,SAN LUIS POTOSI,5,2,28,SAN LUIS POTOSI,855
24,SAN LUIS POTOSI,5,2,28,SAN LUIS POTOSI,856
24,SAN LUIS POTOSI,5,2,28,SAN LUIS POTOSI,857
24,SAN LUIS POTOSI,5,2,28,SAN LUIS POTOSI,858
24,SAN LUIS POTOSI,5,2,28,SAN LUIS POTOSI,860
24,SAN LUIS POTOSI,5,2,28,SAN LUIS POTOSI,861
24,SAN LUIS POTOSI,5,2,28,SAN LUIS POTOSI,862
24,SAN LUIS POTOSI,5,2,28,SAN LUIS POTOSI,864
24,SAN LUIS POTOSI,5,2,28,SAN LUIS POTOSI,865
24,SAN LUIS POTOSI,5,2,28,SAN LUIS POTOSI,869
24,SAN LUIS POTOSI,5,2,28,SAN LUIS POTOSI,870
24,SAN LUIS POTOSI,5,2,28,SAN LUIS POTOSI,871
24,SAN LUIS POTOSI,5,2,28,SAN LUIS POTOSI,872
24,SAN LUIS POTOSI,5,2,28,SAN LUIS POTOSI,873
24,SAN LUIS POTOSI,5,2,28,SAN LUIS POTOSI,874
24,SAN LUIS POTOSI,5,2,28,SAN LUIS POTOSI,880
24,SAN LUIS POTOSI,5,2,28,SAN LUIS POTOSI,881
24,SAN LUIS POTOSI,5,2,28,SAN LUIS POTOSI,882
24,SAN LUIS POTOSI,5,2,28,SAN LUIS POTOSI,892
24,SAN LUIS POTOSI,5,2,28,SAN LUIS POTOSI,893
24,SAN LUIS POTOSI,5,2,28,SAN LUIS POTOSI,894
24,SAN LUIS POTOSI,5,2,28,SAN LUIS POTOSI,895
24,SAN LUIS POTOSI,5,2,28,SAN LUIS POTOSI,903
24,SAN LUIS POTOSI,5,2,28,SAN LUIS POTOSI,918
24,SAN LUIS POTOSI,5,2,28,SAN LUIS POTOSI,928
24,SAN LUIS POTOSI,5,2,28,SAN LUIS POTOSI,985
24,SAN LUIS POTOSI,5,5,28,SAN LUIS POTOSI,774
24,SAN LUIS POTOSI,5,5,28,SAN LUIS POTOSI,775
24,SAN LUIS POTOSI,5,5,28,SAN LUIS POTOSI,776
24,SAN LUIS POTOSI,5,5,28,SAN LUIS POTOSI,781
24,SAN LUIS POTOSI,5,5,28,SAN LUIS POTOSI,782
24,SAN LUIS POTOSI,5,5,28,SAN LUIS POTOSI,791
24,SAN LUIS POTOSI,5,5,28,SAN LUIS POTOSI,792
24,SAN LUIS POTOSI,5,5,28,SAN LUIS POTOSI,808
24,SAN LUIS POTOSI,5,5,28,SAN LUIS POTOSI,809
24,SAN LUIS POTOSI,5,5,28,SAN LUIS POTOSI,1076
24,SAN LUIS POTOSI,5,5,28,SAN LUIS POTOSI,1077
24,SAN LUIS POTOSI,5,5,28,SAN LUIS POTOSI,1078
24,SAN LUIS POTOSI,5,5,28,SAN LUIS POTOSI,1079
24,SAN LUIS POTOSI,5,5,28,SAN LUIS POTOSI,1080
24,SAN LUIS POTOSI,5,5,28,SAN LUIS POTOSI,1081
24,SAN LUIS POTOSI,5,5,28,SAN LUIS POTOSI,1082
24,SAN LUIS POTOSI,5,5,28,SAN LUIS POTOSI,1083
24,SAN LUIS POTOSI,5,5,28,SAN LUIS POTOSI,1084
24,SAN LUIS POTOSI,5,5,28,SAN LUIS POTOSI,1085
24,SAN LUIS POTOSI,5,5,28,SAN LUIS POTOSI,1086
24,SAN LUIS POTOSI,5,5,28,SAN LUIS POTOSI,1087
24,SAN LUIS POTOSI,5,5,28,SAN LUIS POTOSI,1088
24,SAN LUIS POTOSI,5,5,28,SAN LUIS POTOSI,1089
24,SAN LUIS POTOSI,5,5,28,SAN LUIS POTOSI,1090
24,SAN LUIS POTOSI,5,5,28,SAN LUIS POTOSI,1091
24,SAN LUIS POTOSI,5,5,28,SAN LUIS POTOSI,1092
24,SAN LUIS POTOSI,5,5,28,SAN LUIS POTOSI,1093
24,SAN LUIS POTOSI,5,5,28,SAN LUIS POTOSI,1094
24,SAN LUIS POTOSI,5,5,28,SAN LUIS POTOSI,1095
24,SAN LUIS POTOSI,5,5,28,SAN LUIS POTOSI,1096
24,SAN LUIS POTOSI,5,5,28,SAN LUIS POTOSI,1097
24,SAN LUIS POTOSI,5,5,28,SAN LUIS POTOSI,1098
24,SAN LUIS POTOSI,5,5,28,SAN LUIS POTOSI,1099
24,SAN LUIS POTOSI,5,5,28,SAN LUIS POTOSI,1100
24,SAN LUIS POTOSI,5,5,28,SAN LUIS POTOSI,1101
24,SAN LUIS POTOSI,5,5,28,SAN LUIS POTOSI,1102
24,SAN LUIS POTOSI,5,5,28,SAN LUIS POTOSI,1103
24,SAN LUIS POTOSI,5,5,28,SAN LUIS POTOSI,1104
24,SAN LUIS POTOSI,5,5,28,SAN LUIS POTOSI,1105
24,SAN LUIS POTOSI,5,6,28,SAN LUIS POTOSI,1120
24,SAN LUIS POTOSI,5,6,28,SAN LUIS POTOSI,1121
24,SAN LUIS POTOSI,5,6,28,SAN LUIS POTOSI,1123
24,SAN LUIS POTOSI,5,7,28,SAN LUIS POTOSI,787
24,SAN LUIS POTOSI,5,7,28,SAN LUIS POTOSI,797
24,SAN LUIS POTOSI,5,7,28,SAN LUIS POTOSI,798
24,SAN LUIS POTOSI,5,7,28,SAN LUIS POTOSI,805
24,SAN LUIS POTOSI,5,7,28,SAN LUIS POTOSI,828
24,SAN LUIS POTOSI,5,7,28,SAN LUIS POTOSI,829
24,SAN LUIS POTOSI,5,7,28,SAN LUIS POTOSI,830
24,SAN LUIS POTOSI,5,7,28,SAN LUIS POTOSI,831
24,SAN LUIS POTOSI,5,7,28,SAN LUIS POTOSI,832
24,SAN LUIS POTOSI,5,7,28,SAN LUIS POTOSI,833
24,SAN LUIS POTOSI,5,7,28,SAN LUIS POTOSI,834
24,SAN LUIS POTOSI,5,7,28,SAN LUIS POTOSI,845
24,SAN LUIS POTOSI,5,7,28,SAN LUIS POTOSI,846
24,SAN LUIS POTOSI,5,7,28,SAN LUIS POTOSI,847
24,SAN LUIS POTOSI,5,7,28,SAN LUIS POTOSI,848
24,SAN LUIS POTOSI,5,7,28,SAN LUIS POTOSI,859
24,SAN LUIS POTOSI,5,7,28,SAN LUIS POTOSI,866
24,SAN LUIS POTOSI,5,7,28,SAN LUIS POTOSI,867
24,SAN LUIS POTOSI,5,7,28,SAN LUIS POTOSI,868
24,SAN LUIS POTOSI,5,7,28,SAN LUIS POTOSI,883
24,SAN LUIS POTOSI,5,7,28,SAN LUIS POTOSI,884
24,SAN LUIS POTOSI,5,7,28,SAN LUIS POTOSI,885
24,SAN LUIS POTOSI,5,7,28,SAN LUIS POTOSI,886
24,SAN LUIS POTOSI,5,7,28,SAN LUIS POTOSI,887
24,SAN LUIS POTOSI,5,7,28,SAN LUIS POTOSI,888
24,SAN LUIS POTOSI,5,7,28,SAN LUIS POTOSI,889
24,SAN LUIS POTOSI,5,7,28,SAN LUIS POTOSI,890
24,SAN LUIS POTOSI,5,7,28,SAN LUIS POTOSI,891
24,SAN LUIS POTOSI,5,7,28,SAN LUIS POTOSI,904
24,SAN LUIS POTOSI,5,7,28,SAN LUIS POTOSI,905
24,SAN LUIS POTOSI,5,7,28,SAN LUIS POTOSI,906
24,SAN LUIS POTOSI,5,7,28,SAN LUIS POTOSI,907
24,SAN LUIS POTOSI,5,7,28,SAN LUIS POTOSI,908
24,SAN LUIS POTOSI,5,7,28,SAN LUIS POTOSI,909
24,SAN LUIS POTOSI,5,7,28,SAN LUIS POTOSI,910
24,SAN LUIS POTOSI,5,7,28,SAN LUIS POTOSI,911
24,SAN LUIS POTOSI,5,7,28,SAN LUIS POTOSI,912
24,SAN LUIS POTOSI,5,7,28,SAN LUIS POTOSI,913
24,SAN LUIS POTOSI,5,7,28,SAN LUIS POTOSI,914
24,SAN LUIS POTOSI,5,7,28,SAN LUIS POTOSI,915
24,SAN LUIS POTOSI,5,7,28,SAN LUIS POTOSI,916
24,SAN LUIS POTOSI,5,7,28,SAN LUIS POTOSI,917
24,SAN LUIS POTOSI,5,7,28,SAN LUIS POTOSI,929
24,SAN LUIS POTOSI,5,7,28,SAN LUIS POTOSI,930
24,SAN LUIS POTOSI,5,7,28,SAN LUIS POTOSI,982
24,SAN LUIS POTOSI,5,7,28,SAN LUIS POTOSI,983
24,SAN LUIS POTOSI,5,7,28,SAN LUIS POTOSI,984
24,SAN LUIS POTOSI,5,7,28,SAN LUIS POTOSI,986
24,SAN LUIS POTOSI,5,7,28,SAN LUIS POTOSI,987
24,SAN LUIS POTOSI,5,7,28,SAN LUIS POTOSI,997
24,SAN LUIS POTOSI,5,7,28,SAN LUIS POTOSI,998
24,SAN LUIS POTOSI,5,7,28,SAN LUIS POTOSI,999
24,SAN LUIS POTOSI,5,7,28,SAN LUIS POTOSI,1000
24,SAN LUIS POTOSI,5,7,28,SAN LUIS POTOSI,1001
24,SAN LUIS POTOSI,5,7,28,SAN LUIS POTOSI,1002
24,SAN LUIS POTOSI,5,7,28,SAN LUIS POTOSI,1003
24,SAN LUIS POTOSI,5,7,28,SAN LUIS POTOSI,1004
24,SAN LUIS POTOSI,5,7,28,SAN LUIS POTOSI,1005
24,SAN LUIS POTOSI,5,7,28,SAN LUIS POTOSI,1021
24,SAN LUIS POTOSI,5,7,28,SAN LUIS POTOSI,1022
24,SAN LUIS POTOSI,5,7,28,SAN LUIS POTOSI,1023
24,SAN LUIS POTOSI,5,7,28,SAN LUIS POTOSI,1037
24,SAN LUIS POTOSI,5,7,28,SAN LUIS POTOSI,1039
24,SAN LUIS POTOSI,5,7,28,SAN LUIS POTOSI,1040
24,SAN LUIS POTOSI,5,7,28,SAN LUIS POTOSI,1041
24,SAN LUIS POTOSI,5,7,28,SAN LUIS POTOSI,1042
24,SAN LUIS POTOSI,5,7,28,SAN LUIS POTOSI,1106
24,SAN LUIS POTOSI,5,7,28,SAN LUIS POTOSI,1115
24,SAN LUIS POTOSI,5,7,28,SAN LUIS POTOSI,1116
24,SAN LUIS POTOSI,5,7,28,SAN LUIS POTOSI,1117
24,SAN LUIS POTOSI,5,7,28,SAN LUIS POTOSI,1118
24,SAN LUIS POTOSI,5,7,28,SAN LUIS POTOSI,1119
24,SAN LUIS POTOSI,6,2,28,SAN LUIS POTOSI,851
24,SAN LUIS POTOSI,6,2,28,SAN LUIS POTOSI,863
24,SAN LUIS POTOSI,6,2,28,SAN LUIS POTOSI,875
24,SAN LUIS POTOSI,6,2,28,SAN LUIS POTOSI,876
24,SAN LUIS POTOSI,6,2,28,SAN LUIS POTOSI,877
24,SAN LUIS POTOSI,6,2,28,SAN LUIS POTOSI,878
24,SAN LUIS POTOSI,6,2,28,SAN LUIS POTOSI,879
24,SAN LUIS POTOSI,6,2,28,SAN LUIS POTOSI,896
24,SAN LUIS POTOSI,6,2,28,SAN LUIS POTOSI,897
24,SAN LUIS POTOSI,6,2,28,SAN LUIS POTOSI,898
24,SAN LUIS POTOSI,6,2,28,SAN LUIS POTOSI,899
24,SAN LUIS POTOSI,6,2,28,SAN LUIS POTOSI,900
24,SAN LUIS POTOSI,6,2,28,SAN LUIS POTOSI,901
24,SAN LUIS POTOSI,6,2,28,SAN LUIS POTOSI,902
24,SAN LUIS POTOSI,6,2,28,SAN LUIS POTOSI,919
24,SAN LUIS POTOSI,6,2,28,SAN LUIS POTOSI,920
24,SAN LUIS POTOSI,6,2,28,SAN LUIS POTOSI,921
24,SAN LUIS POTOSI,6,2,28,SAN LUIS POTOSI,925
24,SAN LUIS POTOSI,6,2,28,SAN LUIS POTOSI,926
24,SAN LUIS POTOSI,6,2,28,SAN LUIS POTOSI,927
24,SAN LUIS POTOSI,6,2,28,SAN LUIS POTOSI,931
24,SAN LUIS POTOSI,6,2,28,SAN LUIS POTOSI,932
24,SAN LUIS POTOSI,6,6,28,SAN LUIS POTOSI,951
24,SAN LUIS POTOSI,6,6,28,SAN LUIS POTOSI,977
24,SAN LUIS POTOSI,6,6,28,SAN LUIS POTOSI,978
24,SAN LUIS POTOSI,6,6,28,SAN LUIS POTOSI,979
24,SAN LUIS POTOSI,6,6,28,SAN LUIS POTOSI,980
24,SAN LUIS POTOSI,6,6,28,SAN LUIS POTOSI,981
24,SAN LUIS POTOSI,6,6,28,SAN LUIS POTOSI,990
24,SAN LUIS POTOSI,6,6,28,SAN LUIS POTOSI,991
24,SAN LUIS POTOSI,6,6,28,SAN LUIS POTOSI,992
24,SAN LUIS POTOSI,6,6,28,SAN LUIS POTOSI,993
24,SAN LUIS POTOSI,6,6,28,SAN LUIS POTOSI,994
24,SAN LUIS POTOSI,6,6,28,SAN LUIS POTOSI,995
24,SAN LUIS POTOSI,6,6,28,SAN LUIS POTOSI,1008
24,SAN LUIS POTOSI,6,6,28,SAN LUIS POTOSI,1009
24,SAN LUIS POTOSI,6,6,28,SAN LUIS POTOSI,1010
24,SAN LUIS POTOSI,6,6,28,SAN LUIS POTOSI,1011
24,SAN LUIS POTOSI,6,6,28,SAN LUIS POTOSI,1012
24,SAN LUIS POTOSI,6,6,28,SAN LUIS POTOSI,1013
24,SAN LUIS POTOSI,6,6,28,SAN LUIS POTOSI,1014
24,SAN LUIS POTOSI,6,6,28,SAN LUIS POTOSI,1015
24,SAN LUIS POTOSI,6,6,28,SAN LUIS POTOSI,1016
24,SAN LUIS POTOSI,6,6,28,SAN LUIS POTOSI,1017
24,SAN LUIS POTOSI,6,6,28,SAN LUIS POTOSI,1018
24,SAN LUIS POTOSI,6,6,28,SAN LUIS POTOSI,1026
24,SAN LUIS POTOSI,6,6,28,SAN LUIS POTOSI,1027
24,SAN LUIS POTOSI,6,6,28,SAN LUIS POTOSI,1028
24,SAN LUIS POTOSI,6,6,28,SAN LUIS POTOSI,1029
24,SAN LUIS POTOSI,6,6,28,SAN LUIS POTOSI,1030
24,SAN LUIS POTOSI,6,6,28,SAN LUIS POTOSI,1031
24,SAN LUIS POTOSI,6,6,28,SAN LUIS POTOSI,1032
24,SAN LUIS POTOSI,6,6,28,SAN LUIS POTOSI,1033
24,SAN LUIS POTOSI,6,6,28,SAN LUIS POTOSI,1034
24,SAN LUIS POTOSI,6,6,28,SAN LUIS POTOSI,1035
24,SAN LUIS POTOSI,6,6,28,SAN LUIS POTOSI,1036
24,SAN LUIS POTOSI,6,6,28,SAN LUIS POTOSI,1043
24,SAN LUIS POTOSI,6,6,28,SAN LUIS POTOSI,1044
24,SAN LUIS POTOSI,6,6,28,SAN LUIS POTOSI,1045
24,SAN LUIS POTOSI,6,6,28,SAN LUIS POTOSI,1046
24,SAN LUIS POTOSI,6,6,28,SAN LUIS POTOSI,1047
24,SAN LUIS POTOSI,6,6,28,SAN LUIS POTOSI,1048
24,SAN LUIS POTOSI,6,6,28,SAN LUIS POTOSI,1049
24,SAN LUIS POTOSI,6,6,28,SAN LUIS POTOSI,1050
24,SAN LUIS POTOSI,6,6,28,SAN LUIS POTOSI,1051
24,SAN LUIS POTOSI,6,6,28,SAN LUIS POTOSI,1052
24,SAN LUIS POTOSI,6,6,28,SAN LUIS POTOSI,1053
24,SAN LUIS POTOSI,6,6,28,SAN LUIS POTOSI,1054
24,SAN LUIS POTOSI,6,6,28,SAN LUIS POTOSI,1055
24,SAN LUIS POTOSI,6,6,28,SAN LUIS POTOSI,1056
24,SAN LUIS POTOSI,6,6,28,SAN LUIS POTOSI,1057
24,SAN LUIS POTOSI,6,6,28,SAN LUIS POTOSI,1058
24,SAN LUIS POTOSI,6,6,28,SAN LUIS POTOSI,1059
24,SAN LUIS POTOSI,6,6,28,SAN LUIS POTOSI,1060
24,SAN LUIS POTOSI,6,6,28,SAN LUIS POTOSI,1061
24,SAN LUIS POTOSI,6,6,28,SAN LUIS POTOSI,1062
24,SAN LUIS POTOSI,6,6,28,SAN LUIS POTOSI,1063
24,SAN LUIS POTOSI,6,6,28,SAN LUIS POTOSI,1064
24,SAN LUIS POTOSI,6,6,28,SAN LUIS POTOSI,1065
24,SAN LUIS POTOSI,6,6,28,SAN LUIS POTOSI,1066
24,SAN LUIS POTOSI,6,6,28,SAN LUIS POTOSI,1067
24,SAN LUIS POTOSI,6,6,28,SAN LUIS POTOSI,1068
24,SAN LUIS POTOSI,6,6,28,SAN LUIS POTOSI,1069
24,SAN LUIS POTOSI,6,6,28,SAN LUIS POTOSI,1070
24,SAN LUIS POTOSI,6,6,28,SAN LUIS POTOSI,1071
24,SAN LUIS POTOSI,6,6,28,SAN LUIS POTOSI,1072
24,SAN LUIS POTOSI,6,6,28,SAN LUIS POTOSI,1073
24,SAN LUIS POTOSI,6,6,28,SAN LUIS POTOSI,1074
24,SAN LUIS POTOSI,6,6,28,SAN LUIS POTOSI,1075
24,SAN LUIS POTOSI,6,6,28,SAN LUIS POTOSI,1124
24,SAN LUIS POTOSI,6,6,28,SAN LUIS POTOSI,1125
24,SAN LUIS POTOSI,6,6,28,SAN LUIS POTOSI,1126
24,SAN LUIS POTOSI,6,7,28,SAN LUIS POTOSI,988
24,SAN LUIS POTOSI,6,7,28,SAN LUIS POTOSI,989
24,SAN LUIS POTOSI,6,7,28,SAN LUIS POTOSI,996
24,SAN LUIS POTOSI,6,7,28,SAN LUIS POTOSI,1006
24,SAN LUIS POTOSI,6,7,28,SAN LUIS POTOSI,1007
24,SAN LUIS POTOSI,6,7,28,SAN LUIS POTOSI,1019
24,SAN LUIS POTOSI,6,7,28,SAN LUIS POTOSI,1020
24,SAN LUIS POTOSI,6,7,28,SAN LUIS POTOSI,1024
24,SAN LUIS POTOSI,6,7,28,SAN LUIS POTOSI,1025
24,SAN LUIS POTOSI,6,7,28,SAN LUIS POTOSI,1038
24,SAN LUIS POTOSI,6,8,28,SAN LUIS POTOSI,922
24,SAN LUIS POTOSI,6,8,28,SAN LUIS POTOSI,923
24,SAN LUIS POTOSI,6,8,28,SAN LUIS POTOSI,924
24,SAN LUIS POTOSI,6,8,28,SAN LUIS POTOSI,933
24,SAN LUIS POTOSI,6,8,28,SAN LUIS POTOSI,934
24,SAN LUIS POTOSI,6,8,28,SAN LUIS POTOSI,935
24,SAN LUIS POTOSI,6,8,28,SAN LUIS POTOSI,936
24,SAN LUIS POTOSI,6,8,28,SAN LUIS POTOSI,937
24,SAN LUIS POTOSI,6,8,28,SAN LUIS POTOSI,938
24,SAN LUIS POTOSI,6,8,28,SAN LUIS POTOSI,939
24,SAN LUIS POTOSI,6,8,28,SAN LUIS POTOSI,940
24,SAN LUIS POTOSI,6,8,28,SAN LUIS POTOSI,941
24,SAN LUIS POTOSI,6,8,28,SAN LUIS POTOSI,942
24,SAN LUIS POTOSI,6,8,28,SAN LUIS POTOSI,943
24,SAN LUIS POTOSI,6,8,28,SAN LUIS POTOSI,944
24,SAN LUIS POTOSI,6,8,28,SAN LUIS POTOSI,945
24,SAN LUIS POTOSI,6,8,28,SAN LUIS POTOSI,946
24,SAN LUIS POTOSI,6,8,28,SAN LUIS POTOSI,947
24,SAN LUIS POTOSI,6,8,28,SAN LUIS POTOSI,948
24,SAN LUIS POTOSI,6,8,28,SAN LUIS POTOSI,949
24,SAN LUIS POTOSI,6,8,28,SAN LUIS POTOSI,950
24,SAN LUIS POTOSI,6,8,28,SAN LUIS POTOSI,952
24,SAN LUIS POTOSI,6,8,28,SAN LUIS POTOSI,953
24,SAN LUIS POTOSI,6,8,28,SAN LUIS POTOSI,954
24,SAN LUIS POTOSI,6,8,28,SAN LUIS POTOSI,955
24,SAN LUIS POTOSI,6,8,28,SAN LUIS POTOSI,956
24,SAN LUIS POTOSI,6,8,28,SAN LUIS POTOSI,957
24,SAN LUIS POTOSI,6,8,28,SAN LUIS POTOSI,958
24,SAN LUIS POTOSI,6,8,28,SAN LUIS POTOSI,959
24,SAN LUIS POTOSI,6,8,28,SAN LUIS POTOSI,960
24,SAN LUIS POTOSI,6,8,28,SAN LUIS POTOSI,961
24,SAN LUIS POTOSI,6,8,28,SAN LUIS POTOSI,962
24,SAN LUIS POTOSI,6,8,28,SAN LUIS POTOSI,963
24,SAN LUIS POTOSI,6,8,28,SAN LUIS POTOSI,964
24,SAN LUIS POTOSI,6,8,28,SAN LUIS POTOSI,965
24,SAN LUIS POTOSI,6,8,28,SAN LUIS POTOSI,966
24,SAN LUIS POTOSI,6,8,28,SAN LUIS POTOSI,967
24,SAN LUIS POTOSI,6,8,28,SAN LUIS POTOSI,968
24,SAN LUIS POTOSI,6,8,28,SAN LUIS POTOSI,969
24,SAN LUIS POTOSI,6,8,28,SAN LUIS POTOSI,970
24,SAN LUIS POTOSI,6,8,28,SAN LUIS POTOSI,971
24,SAN LUIS POTOSI,6,8,28,SAN LUIS POTOSI,973
24,SAN LUIS POTOSI,6,8,28,SAN LUIS POTOSI,974
24,SAN LUIS POTOSI,6,8,28,SAN LUIS POTOSI,975
24,SAN LUIS POTOSI,6,8,28,SAN LUIS POTOSI,976
24,SAN LUIS POTOSI,6,8,28,SAN LUIS POTOSI,1108
24,SAN LUIS POTOSI,6,8,28,SAN LUIS POTOSI,1109
24,SAN LUIS POTOSI,6,8,28,SAN LUIS POTOSI,1110
24,SAN LUIS POTOSI,6,8,28,SAN LUIS POTOSI,1111
24,SAN LUIS POTOSI,6,8,28,SAN LUIS POTOSI,1112
24,SAN LUIS POTOSI,6,8,28,SAN LUIS POTOSI,1113
24,SAN LUIS POTOSI,6,8,28,SAN LUIS POTOSI,1114
24,SAN LUIS POTOSI,6,8,28,SAN LUIS POTOSI,1127
24,SAN LUIS POTOSI,6,8,28,SAN LUIS POTOSI,1796
24,SAN LUIS POTOSI,6,8,28,SAN LUIS POTOSI,1797
24,SAN LUIS POTOSI,6,8,28,SAN LUIS POTOSI,1798
24,SAN LUIS POTOSI,6,8,28,SAN LUIS POTOSI,1799
24,SAN LUIS POTOSI,6,8,28,SAN LUIS POTOSI,1800
24,SAN LUIS POTOSI,6,8,28,SAN LUIS POTOSI,1801
24,SAN LUIS POTOSI,6,8,28,SAN LUIS POTOSI,1802
24,SAN LUIS POTOSI,6,8,28,SAN LUIS POTOSI,1803
24,SAN LUIS POTOSI,6,8,28,SAN LUIS POTOSI,1804
24,SAN LUIS POTOSI,6,8,28,SAN LUIS POTOSI,1805
24,SAN LUIS POTOSI,6,8,28,SAN LUIS POTOSI,1806
24,SAN LUIS POTOSI,6,8,28,SAN LUIS POTOSI,1807
24,SAN LUIS POTOSI,6,8,28,SAN LUIS POTOSI,1808
24,SAN LUIS POTOSI,6,8,28,SAN LUIS POTOSI,1809
24,SAN LUIS POTOSI,6,8,28,SAN LUIS POTOSI,1810
24,SAN LUIS POTOSI,6,8,28,SAN LUIS POTOSI,1811
24,SAN LUIS POTOSI,6,8,28,SAN LUIS POTOSI,1812
24,SAN LUIS POTOSI,6,8,28,SAN LUIS POTOSI,1813
24,SAN LUIS POTOSI,6,8,28,SAN LUIS POTOSI,1814
24,SAN LUIS POTOSI,6,8,28,SAN LUIS POTOSI,1820
24,SAN LUIS POTOSI,7,13,14,COXCATLAN,371
24,SAN LUIS POTOSI,7,13,14,COXCATLAN,372
24,SAN LUIS POTOSI,7,13,14,COXCATLAN,373
24,SAN LUIS POTOSI,7,13,14,COXCATLAN,374
24,SAN LUIS POTOSI,7,13,14,COXCATLAN,375
24,SAN LUIS POTOSI,7,13,14,COXCATLAN,376
24,SAN LUIS POTOSI,7,13,14,COXCATLAN,377
24,SAN LUIS POTOSI,7,13,14,COXCATLAN,378
24,SAN LUIS POTOSI,7,13,14,COXCATLAN,379
24,SAN LUIS POTOSI,7,13,14,COXCATLAN,380
24,SAN LUIS POTOSI,7,13,14,COXCATLAN,381
24,SAN LUIS POTOSI,7,13,14,COXCATLAN,382
24,SAN LUIS POTOSI,7,13,14,COXCATLAN,383
24,SAN LUIS POTOSI,7,13,26,SAN ANTONIO,748
24,SAN LUIS POTOSI,7,13,26,SAN ANTONIO,749
24,SAN LUIS POTOSI,7,13,26,SAN ANTONIO,750
24,SAN LUIS POTOSI,7,13,26,SAN ANTONIO,751
24,SAN LUIS POTOSI,7,13,26,SAN ANTONIO,752
24,SAN LUIS POTOSI,7,13,26,SAN ANTONIO,753
24,SAN LUIS POTOSI,7,13,26,SAN ANTONIO,754
24,SAN LUIS POTOSI,7,13,26,SAN ANTONIO,755
24,SAN LUIS POTOSI,7,13,26,SAN ANTONIO,756
24,SAN LUIS POTOSI,7,13,39,TAMPAMOLON CORONA,1428
24,SAN LUIS POTOSI,7,13,39,TAMPAMOLON CORONA,1429
24,SAN LUIS POTOSI,7,13,39,TAMPAMOLON CORONA,1430
24,SAN LUIS POTOSI,7,13,39,TAMPAMOLON CORONA,1431
24,SAN LUIS POTOSI,7,13,39,TAMPAMOLON CORONA,1432
24,SAN LUIS POTOSI,7,13,39,TAMPAMOLON CORONA,1433
24,SAN LUIS POTOSI,7,13,39,TAMPAMOLON CORONA,1434
24,SAN LUIS POTOSI,7,13,39,TAMPAMOLON CORONA,1435
24,SAN LUIS POTOSI,7,13,39,TAMPAMOLON CORONA,1437
24,SAN LUIS POTOSI,7,13,39,TAMPAMOLON CORONA,1438
24,SAN LUIS POTOSI,7,13,39,TAMPAMOLON CORONA,1439
24,SAN LUIS POTOSI,7,13,39,TAMPAMOLON CORONA,1440
24,SAN LUIS POTOSI,7,13,39,TAMPAMOLON CORONA,1441
24,SAN LUIS POTOSI,7,13,39,TAMPAMOLON CORONA,1442
24,SAN LUIS POTOSI,7,13,39,TAMPAMOLON CORONA,1443
24,SAN LUIS POTOSI,7,13,39,TAMPAMOLON CORONA,1444
24,SAN LUIS POTOSI,7,13,41,TANLAJAS,1480
24,SAN LUIS POTOSI,7,13,41,TANLAJAS,1481
24,SAN LUIS POTOSI,7,13,41,TANLAJAS,1482
24,SAN LUIS POTOSI,7,13,41,TANLAJAS,1483
24,SAN LUIS POTOSI,7,13,41,TANLAJAS,1484
24,SAN LUIS POTOSI,7,13,41,TANLAJAS,1485
24,SAN LUIS POTOSI,7,13,41,TANLAJAS,1486
24,SAN LUIS POTOSI,7,13,41,TANLAJAS,1487
24,SAN LUIS POTOSI,7,13,41,TANLAJAS,1488
24,SAN LUIS POTOSI,7,13,41,TANLAJAS,1489
24,SAN LUIS POTOSI,7,13,41,TANLAJAS,1490
24,SAN LUIS POTOSI,7,13,41,TANLAJAS,1491
24,SAN LUIS POTOSI,7,13,41,TANLAJAS,1492
24,SAN LUIS POTOSI,7,13,41,TANLAJAS,1493
24,SAN LUIS POTOSI,7,13,41,TANLAJAS,1494
24,SAN LUIS POTOSI,7,13,41,TANLAJAS,1495
24,SAN LUIS POTOSI,7,14,3,AQUISMON,34
24,SAN LUIS POTOSI,7,14,3,AQUISMON,35
24,SAN LUIS POTOSI,7,14,3,AQUISMON,36
24,SAN LUIS POTOSI,7,14,3,AQUISMON,37
24,SAN LUIS POTOSI,7,14,3,AQUISMON,38
24,SAN LUIS POTOSI,7,14,3,AQUISMON,39
24,SAN LUIS POTOSI,7,14,3,AQUISMON,40
24,SAN LUIS POTOSI,7,14,3,AQUISMON,41
24,SAN LUIS POTOSI,7,14,3,AQUISMON,42
24,SAN LUIS POTOSI,7,14,3,AQUISMON,43
24,SAN LUIS POTOSI,7,14,3,AQUISMON,44
24,SAN LUIS POTOSI,7,14,3,AQUISMON,45
24,SAN LUIS POTOSI,7,14,3,AQUISMON,46
24,SAN LUIS POTOSI,7,14,3,AQUISMON,47
24,SAN LUIS POTOSI,7,14,3,AQUISMON,48
24,SAN LUIS POTOSI,7,14,3,AQUISMON,49
24,SAN LUIS POTOSI,7,14,3,AQUISMON,50
24,SAN LUIS POTOSI,7,14,3,AQUISMON,51
24,SAN LUIS POTOSI,7,14,3,AQUISMON,52
24,SAN LUIS POTOSI,7,14,3,AQUISMON,53
24,SAN LUIS POTOSI,7,14,3,AQUISMON,54
24,SAN LUIS POTOSI,7,14,3,AQUISMON,55
24,SAN LUIS POTOSI,7,14,3,AQUISMON,56
24,SAN LUIS POTOSI,7,14,3,AQUISMON,57
24,SAN LUIS POTOSI,7,14,3,AQUISMON,58
24,SAN LUIS POTOSI,7,14,3,AQUISMON,59
24,SAN LUIS POTOSI,7,14,12,TANCANHUITZ,251
24,SAN LUIS POTOSI,7,14,12,TANCANHUITZ,252
24,SAN LUIS POTOSI,7,14,12,TANCANHUITZ,253
24,SAN LUIS POTOSI,7,14,12,TANCANHUITZ,254
24,SAN LUIS POTOSI,7,14,12,TANCANHUITZ,255
24,SAN LUIS POTOSI,7,14,12,TANCANHUITZ,256
24,SAN LUIS POTOSI,7,14,12,TANCANHUITZ,257
24,SAN LUIS POTOSI,7,14,12,TANCANHUITZ,258
24,SAN LUIS POTOSI,7,14,12,TANCANHUITZ,259
24,SAN LUIS POTOSI,7,14,12,TANCANHUITZ,260
24,SAN LUIS POTOSI,7,14,12,TANCANHUITZ,261
24,SAN LUIS POTOSI,7,14,12,TANCANHUITZ,262
24,SAN LUIS POTOSI,7,14,12,TANCANHUITZ,263
24,SAN LUIS POTOSI,7,14,12,TANCANHUITZ,264
24,SAN LUIS POTOSI,7,14,12,TANCANHUITZ,265
24,SAN LUIS POTOSI,7,14,18,HUEHUETLAN,468
24,SAN LUIS POTOSI,7,14,18,HUEHUETLAN,469
24,SAN LUIS POTOSI,7,14,18,HUEHUETLAN,470
24,SAN LUIS POTOSI,7,14,18,HUEHUETLAN,471
24,SAN LUIS POTOSI,7,14,18,HUEHUETLAN,472
24,SAN LUIS POTOSI,7,14,18,HUEHUETLAN,473
24,SAN LUIS POTOSI,7,14,18,HUEHUETLAN,474
24,SAN LUIS POTOSI,7,14,18,HUEHUETLAN,475
24,SAN LUIS POTOSI,7,14,18,HUEHUETLAN,476
24,SAN LUIS POTOSI,7,14,18,HUEHUETLAN,477
24,SAN LUIS POTOSI,7,14,54,AXTLA DE TERRAZAS,1705
24,SAN LUIS POTOSI,7,14,54,AXTLA DE TERRAZAS,1706
24,SAN LUIS POTOSI,7,14,54,AXTLA DE TERRAZAS,1707
24,SAN LUIS POTOSI,7,14,54,AXTLA DE TERRAZAS,1708
24,SAN LUIS POTOSI,7,14,54,AXTLA DE TERRAZAS,1709
24,SAN LUIS POTOSI,7,14,54,AXTLA DE TERRAZAS,1710
24,SAN LUIS POTOSI,7,14,54,AXTLA DE TERRAZAS,1711
24,SAN LUIS POTOSI,7,14,54,AXTLA DE TERRAZAS,1712
24,SAN LUIS POTOSI,7,14,54,AXTLA DE TERRAZAS,1713
24,SAN LUIS POTOSI,7,14,54,AXTLA DE TERRAZAS,1714
24,SAN LUIS POTOSI,7,14,54,AXTLA DE TERRAZAS,1715
24,SAN LUIS POTOSI,7,14,54,AXTLA DE TERRAZAS,1716
24,SAN LUIS POTOSI,7,14,54,AXTLA DE TERRAZAS,1717
24,SAN LUIS POTOSI,7,14,54,AXTLA DE TERRAZAS,1718
24,SAN LUIS POTOSI,7,14,54,AXTLA DE TERRAZAS,1719
24,SAN LUIS POTOSI,7,14,54,AXTLA DE TERRAZAS,1720
24,SAN LUIS POTOSI,7,14,54,AXTLA DE TERRAZAS,1721
24,SAN LUIS POTOSI,7,14,54,AXTLA DE TERRAZAS,1722
24,SAN LUIS POTOSI,7,14,54,AXTLA DE TERRAZAS,1723
24,SAN LUIS POTOSI,7,14,54,AXTLA DE TERRAZAS,1724
24,SAN LUIS POTOSI,7,14,54,AXTLA DE TERRAZAS,1725
24,SAN LUIS POTOSI,7,14,55,XILITLA,1726
24,SAN LUIS POTOSI,7,14,55,XILITLA,1727
24,SAN LUIS POTOSI,7,14,55,XILITLA,1728
24,SAN LUIS POTOSI,7,14,55,XILITLA,1729
24,SAN LUIS POTOSI,7,14,55,XILITLA,1730
24,SAN LUIS POTOSI,7,14,55,XILITLA,1731
24,SAN LUIS POTOSI,7,14,55,XILITLA,1732
24,SAN LUIS POTOSI,7,14,55,XILITLA,1733
24,SAN LUIS POTOSI,7,14,55,XILITLA,1734
24,SAN LUIS POTOSI,7,14,55,XILITLA,1735
24,SAN LUIS POTOSI,7,14,55,XILITLA,1736
24,SAN LUIS POTOSI,7,14,55,XILITLA,1737
24,SAN LUIS POTOSI,7,14,55,XILITLA,1738
24,SAN LUIS POTOSI,7,14,55,XILITLA,1739
24,SAN LUIS POTOSI,7,14,55,XILITLA,1740
24,SAN LUIS POTOSI,7,14,55,XILITLA,1741
24,SAN LUIS POTOSI,7,14,55,XILITLA,1742
24,SAN LUIS POTOSI,7,14,55,XILITLA,1743
24,SAN LUIS POTOSI,7,14,55,XILITLA,1744
24,SAN LUIS POTOSI,7,14,55,XILITLA,1745
24,SAN LUIS POTOSI,7,14,55,XILITLA,1746
24,SAN LUIS POTOSI,7,14,55,XILITLA,1747
24,SAN LUIS POTOSI,7,14,55,XILITLA,1748
24,SAN LUIS POTOSI,7,14,55,XILITLA,1749
24,SAN LUIS POTOSI,7,14,55,XILITLA,1750
24,SAN LUIS POTOSI,7,14,55,XILITLA,1751
24,SAN LUIS POTOSI,7,14,55,XILITLA,1752
24,SAN LUIS POTOSI,7,14,55,XILITLA,1753
24,SAN LUIS POTOSI,7,14,55,XILITLA,1754
24,SAN LUIS POTOSI,7,14,55,XILITLA,1755
24,SAN LUIS POTOSI,7,14,55,XILITLA,1756
24,SAN LUIS POTOSI,7,14,55,XILITLA,1757
24,SAN LUIS POTOSI,7,14,55,XILITLA,1758
24,SAN LUIS POTOSI,7,14,55,XILITLA,1759
24,SAN LUIS POTOSI,7,14,55,XILITLA,1760
24,SAN LUIS POTOSI,7,14,55,XILITLA,1761
24,SAN LUIS POTOSI,7,14,55,XILITLA,1762
24,SAN LUIS POTOSI,7,14,55,XILITLA,1763
24,SAN LUIS POTOSI,7,14,55,XILITLA,1764
24,SAN LUIS POTOSI,7,14,55,XILITLA,1765
24,SAN LUIS POTOSI,7,14,55,XILITLA,1766
24,SAN LUIS POTOSI,7,14,55,XILITLA,1767
24,SAN LUIS POTOSI,7,14,55,XILITLA,1768
24,SAN LUIS POTOSI,7,14,55,XILITLA,1769
24,SAN LUIS POTOSI,7,14,55,XILITLA,1770
24,SAN LUIS POTOSI,7,14,55,XILITLA,1771
24,SAN LUIS POTOSI,7,14,55,XILITLA,1772
24,SAN LUIS POTOSI,7,15,29,SAN MARTIN CHALCHICUAUTLA,1128
24,SAN LUIS POTOSI,7,15,29,SAN MARTIN CHALCHICUAUTLA,1129
24,SAN LUIS POTOSI,7,15,29,SAN MARTIN CHALCHICUAUTLA,1130
24,SAN LUIS POTOSI,7,15,29,SAN MARTIN CHALCHICUAUTLA,1131
24,SAN LUIS POTOSI,7,15,29,SAN MARTIN CHALCHICUAUTLA,1132
24,SAN LUIS POTOSI,7,15,29,SAN MARTIN CHALCHICUAUTLA,1133
24,SAN LUIS POTOSI,7,15,29,SAN MARTIN CHALCHICUAUTLA,1134
24,SAN LUIS POTOSI,7,15,29,SAN MARTIN CHALCHICUAUTLA,1135
24,SAN LUIS POTOSI,7,15,29,SAN MARTIN CHALCHICUAUTLA,1136
24,SAN LUIS POTOSI,7,15,29,SAN MARTIN CHALCHICUAUTLA,1137
24,SAN LUIS POTOSI,7,15,29,SAN MARTIN CHALCHICUAUTLA,1138
24,SAN LUIS POTOSI,7,15,29,SAN MARTIN CHALCHICUAUTLA,1139
24,SAN LUIS POTOSI,7,15,29,SAN MARTIN CHALCHICUAUTLA,1140
24,SAN LUIS POTOSI,7,15,29,SAN MARTIN CHALCHICUAUTLA,1141
24,SAN LUIS POTOSI,7,15,29,SAN MARTIN CHALCHICUAUTLA,1142
24,SAN LUIS POTOSI,7,15,29,SAN MARTIN CHALCHICUAUTLA,1143
24,SAN LUIS POTOSI,7,15,29,SAN MARTIN CHALCHICUAUTLA,1144
24,SAN LUIS POTOSI,7,15,29,SAN MARTIN CHALCHICUAUTLA,1145
24,SAN LUIS POTOSI,7,15,29,SAN MARTIN CHALCHICUAUTLA,1146
24,SAN LUIS POTOSI,7,15,29,SAN MARTIN CHALCHICUAUTLA,1147
24,SAN LUIS POTOSI,7,15,37,TAMAZUNCHALE,1336
24,SAN LUIS POTOSI,7,15,37,TAMAZUNCHALE,1337
24,SAN LUIS POTOSI,7,15,37,TAMAZUNCHALE,1338
24,SAN LUIS POTOSI,7,15,37,TAMAZUNCHALE,1339
24,SAN LUIS POTOSI,7,15,37,TAMAZUNCHALE,1340
24,SAN LUIS POTOSI,7,15,37,TAMAZUNCHALE,1341
24,SAN LUIS POTOSI,7,15,37,TAMAZUNCHALE,1342
24,SAN LUIS POTOSI,7,15,37,TAMAZUNCHALE,1343
24,SAN LUIS POTOSI,7,15,37,TAMAZUNCHALE,1344
24,SAN LUIS POTOSI,7,15,37,TAMAZUNCHALE,1345
24,SAN LUIS POTOSI,7,15,37,TAMAZUNCHALE,1346
24,SAN LUIS POTOSI,7,15,37,TAMAZUNCHALE,1347
24,SAN LUIS POTOSI,7,15,37,TAMAZUNCHALE,1348
24,SAN LUIS POTOSI,7,15,37,TAMAZUNCHALE,1365
24,SAN LUIS POTOSI,7,15,37,TAMAZUNCHALE,1367
24,SAN LUIS POTOSI,7,15,37,TAMAZUNCHALE,1368
24,SAN LUIS POTOSI,7,15,37,TAMAZUNCHALE,1369
24,SAN LUIS POTOSI,7,15,37,TAMAZUNCHALE,1370
24,SAN LUIS POTOSI,7,15,37,TAMAZUNCHALE,1371
24,SAN LUIS POTOSI,7,15,37,TAMAZUNCHALE,1372
24,SAN LUIS POTOSI,7,15,37,TAMAZUNCHALE,1373
24,SAN LUIS POTOSI,7,15,37,TAMAZUNCHALE,1374
24,SAN LUIS POTOSI,7,15,37,TAMAZUNCHALE,1375
24,SAN LUIS POTOSI,7,15,37,TAMAZUNCHALE,1376
24,SAN LUIS POTOSI,7,15,37,TAMAZUNCHALE,1377
24,SAN LUIS POTOSI,7,15,37,TAMAZUNCHALE,1378
24,SAN LUIS POTOSI,7,15,37,TAMAZUNCHALE,1379
24,SAN LUIS POTOSI,7,15,37,TAMAZUNCHALE,1380
24,SAN LUIS POTOSI,7,15,37,TAMAZUNCHALE,1381
24,SAN LUIS POTOSI,7,15,37,TAMAZUNCHALE,1382
24,SAN LUIS POTOSI,7,15,37,TAMAZUNCHALE,1383
24,SAN LUIS POTOSI,7,15,37,TAMAZUNCHALE,1384
24,SAN LUIS POTOSI,7,15,37,TAMAZUNCHALE,1385
24,SAN LUIS POTOSI,7,15,37,TAMAZUNCHALE,1386
24,SAN LUIS POTOSI,7,15,37,TAMAZUNCHALE,1387
24,SAN LUIS POTOSI,7,15,37,TAMAZUNCHALE,1388
24,SAN LUIS POTOSI,7,15,37,TAMAZUNCHALE,1389
24,SAN LUIS POTOSI,7,15,37,TAMAZUNCHALE,1390
24,SAN LUIS POTOSI,7,15,37,TAMAZUNCHALE,1391
24,SAN LUIS POTOSI,7,15,37,TAMAZUNCHALE,1392
24,SAN LUIS POTOSI,7,15,37,TAMAZUNCHALE,1393
24,SAN LUIS POTOSI,7,15,37,TAMAZUNCHALE,1394
24,SAN LUIS POTOSI,7,15,37,TAMAZUNCHALE,1395
24,SAN LUIS POTOSI,7,15,37,TAMAZUNCHALE,1396
24,SAN LUIS POTOSI,7,15,37,TAMAZUNCHALE,1397
24,SAN LUIS POTOSI,7,15,37,TAMAZUNCHALE,1398
24,SAN LUIS POTOSI,7,15,37,TAMAZUNCHALE,1399
24,SAN LUIS POTOSI,7,15,37,TAMAZUNCHALE,1400
24,SAN LUIS POTOSI,7,15,37,TAMAZUNCHALE,1401
24,SAN LUIS POTOSI,7,15,37,TAMAZUNCHALE,1402
24,SAN LUIS POTOSI,7,15,37,TAMAZUNCHALE,1403
24,SAN LUIS POTOSI,7,15,37,TAMAZUNCHALE,1404
24,SAN LUIS POTOSI,7,15,37,TAMAZUNCHALE,1405
24,SAN LUIS POTOSI,7,15,37,TAMAZUNCHALE,1406
24,SAN LUIS POTOSI,7,15,37,TAMAZUNCHALE,1407
24,SAN LUIS POTOSI,7,15,37,TAMAZUNCHALE,1408
24,SAN LUIS POTOSI,7,15,37,TAMAZUNCHALE,1409
24,SAN LUIS POTOSI,7,15,37,TAMAZUNCHALE,1410
24,SAN LUIS POTOSI,7,15,37,TAMAZUNCHALE,1411
24,SAN LUIS POTOSI,7,15,38,TAMPACAN,1412
24,SAN LUIS POTOSI,7,15,38,TAMPACAN,1413
24,SAN LUIS POTOSI,7,15,38,TAMPACAN,1414
24,SAN LUIS POTOSI,7,15,38,TAMPACAN,1415
24,SAN LUIS POTOSI,7,15,38,TAMPACAN,1416
24,SAN LUIS POTOSI,7,15,38,TAMPACAN,1417
24,SAN LUIS POTOSI,7,15,38,TAMPACAN,1418
24,SAN LUIS POTOSI,7,15,38,TAMPACAN,1419
24,SAN LUIS POTOSI,7,15,38,TAMPACAN,1420
24,SAN LUIS POTOSI,7,15,38,TAMPACAN,1421
24,SAN LUIS POTOSI,7,15,38,TAMPACAN,1422
24,SAN LUIS POTOSI,7,15,38,TAMPACAN,1423
24,SAN LUIS POTOSI,7,15,38,TAMPACAN,1424
24,SAN LUIS POTOSI,7,15,38,TAMPACAN,1425
24,SAN LUIS POTOSI,7,15,38,TAMPACAN,1426
24,SAN LUIS POTOSI,7,15,38,TAMPACAN,1427
24,SAN LUIS POTOSI,7,15,58,MATLAPA,1349
24,SAN LUIS POTOSI,7,15,58,MATLAPA,1350
24,SAN LUIS POTOSI,7,15,58,MATLAPA,1351
24,SAN LUIS POTOSI,7,15,58,MATLAPA,1352
24,SAN LUIS POTOSI,7,15,58,MATLAPA,1353
24,SAN LUIS POTOSI,7,15,58,MATLAPA,1354
24,SAN LUIS POTOSI,7,15,58,MATLAPA,1355
24,SAN LUIS POTOSI,7,15,58,MATLAPA,1356
24,SAN LUIS POTOSI,7,15,58,MATLAPA,1357
24,SAN LUIS POTOSI,7,15,58,MATLAPA,1358
24,SAN LUIS POTOSI,7,15,58,MATLAPA,1359
24,SAN LUIS POTOSI,7,15,58,MATLAPA,1360
24,SAN LUIS POTOSI,7,15,58,MATLAPA,1361
24,SAN LUIS POTOSI,7,15,58,MATLAPA,1362
24,SAN LUIS POTOSI,7,15,58,MATLAPA,1363
24,SAN LUIS POTOSI,7,15,58,MATLAPA,1364
24,SAN LUIS POTOSI,7,15,58,MATLAPA,1366
